## Backup TDB 333.9.29
## The Conquest Pit - Grizzly Hills

--
-- Daten für Tabelle `quest_template`
--

REPLACE INTO `quest_template` VALUES
(12427, 2, 394, 0, 73, 0, 74, 1, 690, 0, 0, 0, 0, 0, 0, 0, 0, 0, 3, 0, 130, 2, 0, 0, 0, 0, 0, 0, 0, 0, 6, 0, 0, 0, 'The Conquest Pit: Bear Wrestling!', 'So you''re interested in the fights, eh?  Well, Krenna has outlawed pit-fighting for all enlisted combatants.  But you, my friend, are technically a free agent and are not included in this prohibition.$B$BNice loophole, eh?$B$BAnyway, if you''re interested I can start you off with something easy, a measly bear.  I''ll even let you bring friends along!', 'Defeat Ironhide inside the Conquest Pit and speak to Bookie Vel''jen for a reward.', 'Nice work, mon! Here''s your cut.', 'It''s not over until you or the bear tips over, friend!', 'Ironhide defeated', 'Return to Bookie Vel''jen at Conquest Hold in Grizzly Hills.', '', '', '', '', 0, 0, 0, 0, 0, 0, 0, 0, 0, 0, 0, 0, 0, 0, 0, 0, 0, 0, 0, 0, 0, 0, 0, 0, 0, 0, 0, 0, 0, 0, 0, 0, 0, 0, 0, 0, 0, 0, 0, 0, 0, 0, 0, 0, 0, 0, 0, 0, 0, 0, 0, 0, 0, 0, 0, 0, 0, 0, 0, 0, 0, 0, 0, 0, 0, 0, 0, 0, 1, 0, 112000, 124500, 0, 0, 0, 0, 0, 0, 0, 0, 0, 0, 0, 0, 0, 0, 0, 0, 0, 0, 0, 0, 0, 0, 0, 0, 0, 0, 0, 0, 11159),
(12428, 2, 394, 0, 73, 0, 74, 1, 690, 0, 0, 0, 0, 0, 0, 0, 0, 0, 3, 0, 130, 2, 0, 0, 0, 0, 12427, 0, 0, 0, 6, 0, 0, 0, 'The Conquest Pit: Mad Furbolg Fighting', 'You''re not bad.  Not bad at all.$B$BThink you can take a furbolg?  What about one of those extra-large crazed Northrend furbolgs?$B$BGood, good.  Get your crew together, and head to the ring.  Let''s give these folks a show... maybe we can earn some more coin while we''re at it.', 'Defeat Torgg Thundertotem inside the Conquest Pit and speak to Bookie Vel''jen for a reward.\r\n', 'Those were some sharp moves, friend! Lots of bets against you, which is good news cash-wise!', NULL, 'Torgg Thundertotem defeated', NULL, '', '', '', '', 0, 0, 0, 0, 0, 0, 0, 0, 0, 0, 0, 0, 0, 0, 0, 0, 0, 0, 0, 0, 0, 0, 0, 0, 0, 0, 0, 0, 0, 0, 0, 0, 0, 0, 0, 0, 0, 0, 0, 0, 0, 0, 0, 0, 0, 0, 0, 0, 0, 0, 0, 0, 0, 0, 0, 0, 0, 0, 0, 0, 0, 0, 0, 0, 0, 0, 0, 0, 1, 0, 168000, 155700, 0, 0, 0, 0, 0, 0, 0, 0, 0, 0, 0, 0, 0, 0, 0, 0, 0, 0, 0, 0, 0, 0, 0, 0, 0, 0, 0, 0, 1),
(12429, 2, 394, 0, 73, 0, 74, 1, 690, 0, 0, 0, 0, 0, 0, 0, 0, 0, 3, 0, 130, 2, 0, 0, 0, 0, 12428, 0, 0, 0, 6, 0, 0, 0, 'The Conquest Pit: Blood and Metal', 'It''s nice to have a real fighter around these parts... we''d only had prisoners and caged beasts for the past few weeks.  The people get bored, ya know?$B$BAnyhow, your next challenge is a genuine iron golem stolen from the depths of Thor Modan... think you can swing it?', 'Defeat Rustblood inside the Conquest Pit and speak to Bookie Vel''jen for a reward.\r\n', 'My heart nearly skipped a beat there! Thought that mound of metal was gonna get ya, mon!', NULL, 'Rustblood defeated', NULL, '', '', '', '', 0, 0, 0, 0, 0, 0, 0, 0, 0, 0, 0, 0, 0, 0, 0, 0, 0, 0, 0, 0, 0, 0, 0, 0, 0, 0, 0, 0, 0, 0, 0, 0, 0, 0, 0, 0, 0, 0, 0, 0, 0, 0, 0, 0, 0, 0, 0, 0, 0, 0, 0, 0, 0, 0, 0, 0, 0, 0, 0, 0, 0, 0, 0, 0, 0, 0, 0, 0, 1, 0, 168000, 155700, 0, 0, 0, 0, 0, 0, 0, 0, 0, 0, 0, 0, 0, 0, 0, 0, 0, 0, 0, 0, 0, 0, 0, 0, 0, 0, 0, 0, 1),
(12430, 2, 394, 0, 73, 0, 75, 1, 690, 0, 0, 0, 0, 0, 0, 0, 0, 0, 3, 0, 130, 2, 0, 0, 0, 0, 12429, 0, 0, 0, 7, 0, 0, 0, 'The Conquest Pit: Death Is Likely', 'I''m gonna shoot straight with ya, kid.  This next contender''s a murderer.$B$BLiterally.$B$BHe was to be executed last week, but he strangled the hangman with his left hand, so Krenna''s guards sort of let me have him.$B$BFeel free to pass on this one.  I wouldn''t blame ya.', 'Defeat Horgrenn Hellcleave inside the Conquest Pit and speak to Bookie Vel''jen for a reward.\r\n', 'Fancy footwork, fancy footwork. You really made quick work of that crazy orc, friend.$B$BOdds were against you seven-to-one; made some nice coin on that one!', NULL, 'Horgrenn Hellcleave defeated', NULL, '', '', '', '', 0, 0, 0, 0, 0, 0, 0, 0, 0, 0, 0, 0, 0, 0, 0, 0, 0, 0, 0, 0, 0, 0, 0, 0, 0, 0, 0, 0, 0, 0, 0, 0, 0, 0, 0, 0, 0, 0, 0, 0, 0, 0, 0, 0, 0, 0, 0, 0, 0, 0, 0, 0, 0, 0, 0, 0, 0, 0, 0, 0, 0, 0, 0, 0, 0, 0, 0, 0, 1, 0, 177000, 188700, 0, 0, 0, 0, 0, 0, 0, 0, 0, 0, 0, 0, 0, 0, 0, 0, 0, 0, 0, 0, 0, 0, 0, 0, 0, 0, 0, 0, 1),
(12431, 2, 394, 0, 73, 0, 75, 1, 690, 0, 0, 0, 0, 0, 0, 0, 0, 0, 3, 0, 130, 2, 0, 0, 0, 0, 12430, 0, 0, 0, 7, 0, 0, 0, 'The Conquest Pit: Final Showdown', 'You must''ve really upset Krenna.  She and Gorgonna have had a spat and you''re wanted in the pit immediately.$B$BThere are some wild rumors that it''s a fight to the death!  That would be bad news for you, but great news for our business venture!$B$BAt any rate, you can''t run away from fate... best get in there on the quick and get it over with.', 'Defeat Krenna in the Conquest Pit and speak to Gorgonna for a reward.', 'What happened today... had to happen. It doesn''t mean I have to be happy about it.$B$BI''ve freed my people from a tyrant, but I''ve also lost a sister. I thank you for your help, $N. I wish to be alone now.', NULL, '', NULL, '', '', '', '', 0, 0, 0, 0, 0, 0, 0, 0, 0, 0, 0, 0, 0, 0, 0, 0, 0, 0, 0, 0, 0, 0, 0, 0, 0, 0, 0, 0, 0, 0, 0, 0, 39181, 39183, 39182, 39179, 39180, 0, 1, 1, 1, 1, 1, 0, 0, 0, 0, 0, 0, 0, 0, 0, 1085, 0, 0, 0, 0, 7, 0, 0, 0, 0, 500, 0, 0, 0, 0, 0, 1, 0, 177000, 188700, 0, 0, 0, 0, 0, 0, 0, 0, 0, 0, 0, 0, 0, 0, 0, 0, 0, 0, 0, 0, 0, 0, 0, 0, 0, 0, 0, 0, 1);

--
-- Daten für Tabelle `quest_start_scripts`
--
# no data
DELETE FROM `quest_start_scripts` WHERE `id` IN (12427, 12428, 12429, 12430, 12431);

--
-- Daten für Tabelle `creature_template`
--

REPLACE INTO `creature_template` VALUES
(27715, 0, 0, 0, 0, 0, 23992, 0, 0, 0, 'Ironhide', '', '', 0, 74, 74, 2, 35, 35, 0, 1, 1.14286, 1, 1, 328, 467, 0, 354, 7.5, 2000, 0, 1, 0, 8, 0, 0, 0, 0, 0, 287, 426, 63, 1, 0, 0, 0, 0, 0, 0, 0, 0, 0, 0, 0, 0, 0, 0, 0, 0, 0, 0, 0, 0, 0, 0, 'EventAI', 0, 3, 10, 1, 1, 0, 0, 0, 0, 0, 0, 0, 199, 1, 0, 0, 0, '', 11723),
(27716, 0, 0, 0, 0, 0, 23773, 0, 0, 0, 'Torgg Thundertotem', '', '', 0, 74, 74, 2, 14, 14, 0, 1, 1.14286, 1, 1, 325, 464, 0, 334, 4.6, 2000, 0, 2, 0, 8, 0, 0, 0, 0, 0, 285, 423, 48, 7, 0, 0, 0, 0, 0, 0, 0, 0, 0, 0, 0, 0, 0, 0, 0, 0, 0, 0, 0, 0, 0, 0, 'EventAI', 0, 3, 10, 1, 1, 0, 0, 0, 0, 0, 0, 0, 199, 1, 413, 0, 0, '', 11723),
(27717, 0, 0, 0, 0, 0, 26157, 0, 0, 0, 'Rustblood', '', '', 0, 75, 75, 2, 35, 35, 0, 1, 1.14286, 1, 1, 339, 481, 0, 370, 7.5, 2000, 0, 2, 0, 8, 0, 0, 0, 0, 0, 293, 436, 53, 9, 0, 0, 0, 0, 0, 0, 0, 0, 0, 0, 0, 0, 0, 0, 0, 0, 0, 0, 0, 0, 0, 0, 'EventAI', 0, 3, 12, 1, 1, 0, 0, 0, 0, 0, 0, 0, 199, 1, 0, 0, 0, '', 11723),
(27718, 0, 0, 0, 0, 0, 24763, 0, 0, 0, 'Horgrenn Hellcleave', '', '', 0, 75, 75, 2, 35, 35, 0, 1, 1.14286, 1, 1, 342, 485, 0, 392, 7.5, 2000, 0, 1, 0, 8, 0, 0, 0, 0, 0, 295, 438, 68, 7, 0, 0, 0, 0, 0, 0, 0, 0, 0, 0, 0, 0, 0, 0, 0, 0, 0, 0, 0, 0, 0, 0, 'EventAI', 0, 3, 15, 1, 1, 0, 0, 0, 0, 0, 0, 0, 199, 1, 0, 0, 0, '', 11723),
(27727, 0, 0, 0, 0, 0, 24770, 0, 0, 0, 'Conqueror Krenna', '', '', 0, 76, 76, 0, 35, 35, 0, 1, 1.14286, 1, 1, 356, 503, 0, 432, 7.5, 2000, 0, 1, 0, 8, 0, 0, 0, 0, 0, 305, 452, 74, 7, 0, 0, 0, 0, 0, 0, 0, 0, 0, 0, 0, 0, 0, 0, 0, 0, 0, 0, 0, 0, 0, 0, 'EventAI', 0, 3, 20, 1, 1, 0, 0, 0, 0, 0, 0, 0, 0, 1, 764, 0, 0, '', 11723);

--
-- Daten für Tabelle `creature_ai_scripts`
--

DELETE FROM `creature_ai_scripts` WHERE `creature_id` IN (27715, 27716, 27717, 27718, 27727);
INSERT INTO `creature_ai_scripts` VALUES
(2771501, 27715, 9, 0, 100, 1, 8, 25, 17000, 24000, 11, 32323, 1, 0, 0, 0, 0, 0, 0, 0, 0, 0, 'Ironhide - Cast Charge'),
(2771502, 27715, 0, 0, 100, 1, 5000, 7000, 7000, 9000, 11, 34298, 1, 0, 0, 0, 0, 0, 0, 0, 0, 0, 'Ironhide - Cast Maul'),
(2771503, 27715, 9, 0, 100, 1, 0, 5, 7000, 11000, 11, 31279, 1, 0, 0, 0, 0, 0, 0, 0, 0, 0, 'Ironhide - Cast Swipe'),
(2771601, 27716, 1, 0, 100, 0, 0, 0, 0, 0, 21, 0, 0, 0, 22, 0, 0, 0, 0, 0, 0, 0, 'Torgg Thundertotem - Prevent Combat Movement and Set Phase to 0 on Spawn'),
(2771602, 27716, 4, 0, 100, 0, 0, 0, 0, 0, 11, 16033, 1, 0, 23, 1, 0, 0, 0, 0, 0, 0, 'Torgg Thundertotem - Cast Chain Lightning and Set Phase 1 on Aggro'),
(2771603, 27716, 9, 5, 100, 1, 0, 30, 6000, 8000, 11, 16033, 1, 0, 0, 0, 0, 0, 0, 0, 0, 0, 'Torgg Thundertotem - Cast Chain Lightning (Phase 1)'),
(2771604, 27716, 3, 5, 100, 0, 7, 0, 0, 0, 21, 1, 0, 0, 23, 1, 0, 0, 0, 0, 0, 0, 'Torgg Thundertotem - Start Combat Movement and Set Phase 2 when Mana is at 7% (Phase 1)'),
(2771605, 27716, 9, 5, 100, 0, 25, 80, 0, 0, 21, 1, 0, 0, 0, 0, 0, 0, 0, 0, 0, 0, 'Torgg Thundertotem - Start Combat Movement at 25 Yards (Phase 1)'),
(2771606, 27716, 9, 5, 100, 0, 5, 15, 0, 0, 21, 0, 0, 0, 0, 0, 0, 0, 0, 0, 0, 0, 'Torgg Thundertotem - Prevent Combat Movement at 15 Yards (Phase 1)'),
(2771607, 27716, 9, 5, 100, 0, 0, 5, 0, 0, 21, 1, 0, 0, 0, 0, 0, 0, 0, 0, 0, 0, 'Torgg Thundertotem - Start Combat Movement Below 5 Yards (Phase 1)'),
(2771608, 27716, 3, 3, 100, 1, 100, 15, 100, 100, 23, -1, 0, 0, 0, 0, 0, 0, 0, 0, 0, 0, 'Torgg Thundertotem - Set Phase 1 when Mana is above 15% (Phase 2)'),
(2771609, 27716, 0, 0, 100, 1, 2000, 4000, 35000, 50000, 11, 31991, 0, 1, 0, 0, 0, 0, 0, 0, 0, 0, 'Torgg Thundertotem - Cast Corrupted Nova Totem'),
(2771610, 27716, 0, 0, 100, 1, 9000, 14000, 12000, 18000, 11, 15501, 1, 0, 0, 0, 0, 0, 0, 0, 0, 0, 'Torgg Thundertotem - Cast Earth Shock'),
(2771611, 27716, 2, 0, 100, 1, 50, 0, 18000, 22000, 11, 15982, 0, 1, 0, 0, 0, 0, 0, 0, 0, 0, 'Torgg Thundertotem - Cast Healing Wave at 50% HP'),
(2771612, 27716, 7, 0, 100, 0, 0, 0, 0, 0, 22, 0, 0, 0, 0, 0, 0, 0, 0, 0, 0, 0, 'Torgg Thundertotem - Set Phase to 0 on Evade'),
(2771701, 27717, 1, 0, 100, 0, 0, 0, 0, 0, 21, 0, 0, 0, 22, 0, 0, 0, 0, 0, 0, 0, 'Rustblood - Prevent Combat Movement and Set Phase to 0 on Spawn'),
(2771702, 27717, 4, 0, 100, 0, 0, 0, 0, 0, 11, 61893, 1, 0, 23, 1, 0, 0, 0, 0, 0, 0, 'Rustblood - Cast Lightning Bolt and Set Phase 1 on Aggro'),
(2771703, 27717, 9, 5, 100, 1, 0, 40, 3400, 4800, 11, 61893, 1, 0, 0, 0, 0, 0, 0, 0, 0, 0, 'Rustblood - Cast Lightning Bolt (Phase 1)'),
(2771704, 27717, 3, 5, 100, 0, 7, 0, 0, 0, 21, 1, 0, 0, 23, 1, 0, 0, 0, 0, 0, 0, 'Rustblood - Start Combat Movement and Set Phase 2 when Mana is at 7% (Phase 1)'),
(2771705, 27717, 9, 5, 100, 0, 35, 80, 0, 0, 21, 1, 0, 0, 0, 0, 0, 0, 0, 0, 0, 0, 'Rustblood - Start Combat Movement at 35 Yards (Phase 1)'),
(2771706, 27717, 9, 5, 100, 0, 5, 15, 0, 0, 21, 0, 0, 0, 0, 0, 0, 0, 0, 0, 0, 0, 'Rustblood - Prevent Combat Movement at 15 Yards (Phase 1)'),
(2771707, 27717, 9, 5, 100, 0, 0, 5, 0, 0, 21, 1, 0, 0, 0, 0, 0, 0, 0, 0, 0, 0, 'Rustblood - Start Combat Movement Below 5 Yards (Phase 1)'),
(2771708, 27717, 3, 3, 100, 1, 100, 15, 100, 100, 23, -1, 0, 0, 0, 0, 0, 0, 0, 0, 0, 0, 'Rustblood - Set Phase 1 when Mana is above 15% (Phase 2)'),
(2771709, 27717, 9, 0, 100, 1, 0, 5, 5000, 7000, 11, 42746, 1, 1, 0, 0, 0, 0, 0, 0, 0, 0, 'Rustblood - Cast Cleave'),
(2771710, 27717, 0, 0, 100, 1, 12000, 15000, 18000, 21000, 11, 14102, 1, 0, 0, 0, 0, 0, 0, 0, 0, 0, 'Rustblood - Cast Head Smash'),
(2771711, 27717, 9, 3, 100, 1, 0, 5, 22000, 30000, 11, 49398, 1, 0, 0, 0, 0, 0, 0, 0, 0, 0, 'Rustblood - Cast Knockback'),
(2771712, 27717, 7, 0, 100, 0, 0, 0, 0, 0, 22, 0, 0, 0, 0, 0, 0, 0, 0, 0, 0, 0, 'Rustblood - Set Phase to 0 on Evade'),
(2771801, 27718, 9, 0, 100, 1, 0, 10, 21000, 29000, 11, 16508, 1, 1, 0, 0, 0, 0, 0, 0, 0, 0, 'Horgrenn Hellcleave - Cast Intimidating Roar'),
(2771802, 27718, 0, 0, 100, 1, 3000, 6000, 8000, 12000, 11, 15572, 1, 0, 0, 0, 0, 0, 0, 0, 0, 0, 'Horgrenn Hellcleave - Cast Sunder Armor'),
(2771803, 27718, 0, 0, 100, 1, 9000, 12000, 12000, 16000, 11, 39171, 1, 1, 0, 0, 0, 0, 0, 0, 0, 0, 'Horgrenn Hellcleave - Cast Mortal Strike'),
(2771804, 27718, 0, 0, 100, 1, 13000, 15000, 13000, 18000, 11, 38618, 0, 0, 0, 0, 0, 0, 0, 0, 0, 0, 'Horgrenn Hellcleave - Cast Whirlwind'),
(2772701, 27727, 9, 0, 100, 1, 0, 5, 7000, 9000, 11, 15284, 1, 0, 0, 0, 0, 0, 0, 0, 0, 0, 'Conqueror Krenna - Cast Cleave'),
(2772702, 27727, 0, 0, 100, 1, 9000, 12000, 12000, 17000, 11, 11430, 1, 1, 0, 0, 0, 0, 0, 0, 0, 0, 'Conqueror Krenna - Cast Slam'),
(2772703, 27727, 0, 0, 100, 1, 3000, 6000, 6000, 11000, 11, 34719, 1, 0, 0, 0, 0, 0, 0, 0, 0, 0, 'Conqueror Krenna - Cast Fixate'),
(2772704, 27727, 13, 0, 100, 1, 14000, 17000, 0, 0, 11, 12555, 6, 0, 0, 0, 0, 0, 0, 0, 0, 0, 'Conqueror Krenna - Cast Pummel');

--
-- Daten für Tabelle `spell_area`
--
# no data
DELETE FROM `spell_area` WHERE `spell` = 70889;

--
-- Daten für Tabelle `creature`
--

REPLACE INTO `creature` VALUES
(102317, 27716, 571, 1, 1, 23773, 0, 3245.29, -2343.93, 92.068, 1.309, 300, 0, 0, 102820, 3466, 0, 0);
REPLACE INTO `creature` VALUES
(33107, 3755, 1, 1, 1, 11346, 0, 3050.65, -2818.27, 198.192, 0.853068, 300, 5, 0, 769, 756, 0, 1),
(52149, 10812, 329, 1, 1, 10545, 0, 3415.84, -3044.54, 136.814, 5.42797, 604800, 0, 0, 25900, 7704, 0, 0),
(52148, 10811, 329, 1, 1, 10544, 0, 3455.96, -3103.41, 136.545, 3.29655, 604800, 0, 0, 19536, 7302, 0, 0),
(52144, 11043, 329, 1, 1, 10463, 0, 3443.75, -3083.73, 135.002, 2.34367, 7200, 5, 0, 8613, 0, 0, 1),
(52142, 11043, 329, 1, 1, 10534, 0, 3473.06, -3093.76, 136.629, 3.68265, 7200, 0, 0, 8613, 0, 0, 0),
(200773, 27072, 571, 1, 1, 0, 54, 3401.21, -2745.15, 199.301, 1.46699, 300, 0, 0, 9940, 0, 0, 0),
(53118, 12262, 0, 1, 1, 10627, 0, 3227.72, -3096.21, 161.423, 3.47321, 345, 0, 0, 3589, 0, 0, 0),
(53155, 12244, 0, 1, 1, 7804, 0, 3234.35, -3094.78, 161.423, 5.5676, 345, 0, 0, 42, 0, 0, 0),
(56689, 12247, 0, 1, 1, 12271, 0, 3234.96, -3095.31, 161.423, 6.03884, 345, 0, 0, 42, 0, 0, 0),
(69692, 8534, 0, 1, 1, 7854, 0, 3334.86, -3061.88, 148.511, -2.87755, 345, 5, 0, 3420, 0, 0, 1),
(81640, 8602, 0, 1, 1, 7897, 0, 3203.89, -2924.62, 129.121, 3.38231, 345, 5, 0, 3644, 0, 0, 1),
(81888, 8598, 0, 1, 1, 9022, 0, 3131.9, -2981.91, 125.18, 3.52678, 345, 10, 0, 3758, 0, 0, 1),
(84776, 8602, 0, 1, 1, 7897, 0, 3207.49, -2968.32, 125.512, 5.85405, 345, 10, 0, 3644, 0, 0, 1),
(84779, 8598, 0, 1, 1, 9022, 0, 3131.58, -2944.65, 121.038, 1.13334, 345, 10, 0, 3758, 0, 0, 1),
(84786, 8530, 0, 1, 1, 10626, 0, 3318.01, -3053.9, 153.269, 4.53786, 345, 0, 0, 3293, 0, 0, 0),
(84957, 8598, 0, 1, 1, 9022, 0, 3163.14, -2970.81, 126.103, 0.01792, 345, 10, 0, 3758, 0, 0, 1),
(85494, 8556, 0, 1, 1, 11178, 0, 3234.84, -3095.61, 161.422, 3.28122, 345, 0, 0, 3529, 0, 0, 0),
(85502, 8605, 0, 1, 1, 7900, 0, 3053.5, -2910.79, 111.224, 0.887452, 345, 10, 0, 3644, 0, 0, 1),
(85508, 8540, 0, 1, 1, 984, 0, 3154.25, -3162.75, 162.607, 4.70946, 345, 5, 0, 3189, 0, 0, 1),
(86295, 8543, 0, 1, 1, 1693, 0, 3346.18, -3080.24, 162.445, 4.15388, 345, 0, 0, 3758, 0, 0, 0),
(86407, 8598, 0, 1, 1, 9022, 0, 3213.52, -2958.26, 126.243, 5.71796, 345, 10, 0, 3758, 0, 0, 1),
(86880, 8524, 0, 1, 1, 11397, 0, 3279.92, -3155.48, 152.7, 2.78248, 345, 10, 0, 2305, 4896, 0, 1),
(91806, 8605, 0, 1, 1, 7900, 0, 3093.39, -2887.59, 114.888, 3.7464, 345, 10, 0, 3644, 0, 0, 1),
(91827, 8540, 0, 1, 1, 984, 0, 3184.34, -3035.05, 141.406, 1.04511, 345, 10, 0, 3189, 0, 0, 1),
(91828, 8540, 0, 1, 1, 984, 0, 3181.64, -3122.53, 154.613, 2.01698, 345, 10, 0, 3189, 0, 0, 1),
(91829, 8540, 0, 1, 1, 984, 0, 3136.69, -3081.85, 153.877, 2.44712, 345, 10, 0, 3189, 0, 0, 1),
(91830, 8534, 0, 1, 1, 7854, 0, 3316.41, -3129.8, 156.879, 0.058077, 345, 5, 0, 3420, 0, 0, 1),
(91831, 8540, 0, 1, 1, 984, 0, 3209.64, -3134.44, 161.768, 1.62261, 345, 10, 0, 3189, 0, 0, 1),
(91872, 8530, 0, 1, 1, 10626, 0, 3247.21, -3048.84, 157.579, 5.56757, 345, 5, 0, 3293, 0, 0, 1),
(91873, 8543, 0, 1, 1, 1693, 0, 3289.7, -3021.25, 135.705, 5.94306, 345, 5, 0, 3758, 0, 0, 1),
(91887, 8523, 0, 1, 1, 5231, 0, 3279.94, -3079.47, 161.598, 3.57291, 345, 5, 0, 3189, 0, 0, 1),
(92028, 8540, 0, 1, 1, 984, 0, 3082.26, -3098.47, 128.72, 4.86672, 345, 5, 0, 3189, 0, 0, 1),
(92029, 8602, 0, 1, 1, 7897, 0, 3281.98, -2989.53, 135.257, 5.01167, 345, 5, 0, 3644, 0, 0, 1),
(92063, 8602, 0, 1, 1, 7897, 0, 3152.42, -2914.11, 121.814, 0.604803, 345, 10, 0, 3644, 0, 0, 1),
(92068, 8543, 0, 1, 1, 1693, 0, 3053.05, -3020.49, 126.079, 3.86272, 345, 0, 0, 3758, 0, 0, 2),
(92071, 8543, 0, 1, 1, 1693, 0, 3107.5, -3049.48, 135.132, 4.14986, 345, 5, 0, 3758, 0, 0, 1),
(92131, 8602, 0, 1, 1, 7897, 0, 3076.39, -2939.52, 118.353, 0.905814, 345, 10, 0, 3644, 0, 0, 1),
(92180, 8598, 0, 1, 1, 9022, 0, 3107.23, -2975.52, 123.215, 3.14131, 345, 10, 0, 3758, 0, 0, 1),
(92210, 8541, 0, 1, 1, 10751, 0, 3089.29, -3178.84, 141.781, 3.48153, 345, 10, 0, 3529, 0, 0, 1),
(92211, 8524, 0, 1, 1, 11397, 0, 3052.79, -3113.27, 129.645, 1.19496, 345, 0, 0, 2305, 4896, 0, 2),
(92221, 8523, 0, 1, 1, 5231, 0, 3049.47, -2881.51, 109.534, 0.585295, 345, 10, 0, 3189, 0, 0, 1),
(53937, 16046, 329, 1, 1, 11686, 0, 3423.47, -3055.73, 136.581, 1.15192, 7200, 0, 0, 57, 0, 0, 0),
(54170, 10422, 329, 1, 1, 10505, 0, 3444.82, -3083.95, 135.002, 4.13137, 7200, 5, 0, 6030, 10922, 0, 1),
(54201, 10424, 329, 1, 1, 10513, 0, 3470.86, -3073.86, 135.088, 0.907571, 7200, 0, 0, 7107, 4738, 0, 0),
(54204, 10424, 329, 1, 1, 10512, 0, 3465.61, -3065.72, 135.084, 0.20944, 7200, 0, 0, 7107, 4738, 0, 0),
(54228, 10424, 329, 1, 1, 10513, 0, 3438.29, -3086.37, 135.085, 6.19592, 7200, 0, 0, 7107, 4738, 0, 0),
(54229, 10424, 329, 1, 1, 10513, 0, 3441.98, -3092.17, 135.086, 1.309, 7200, 0, 0, 7107, 4738, 0, 0),
(54230, 10425, 329, 1, 1, 10530, 0, 3465.89, -3073.21, 135.086, 0.645772, 7200, 0, 0, 6219, 11196, 0, 0),
(54233, 10425, 329, 1, 1, 10530, 0, 3436.74, -3090.19, 135.085, 0.471239, 7200, 0, 0, 6219, 11196, 0, 0),
(95391, 26880, 571, 1, 1, 5499, 0, 3447.84, -2754.01, 199.408, 4.7822, 300, 0, 0, 10635, 3561, 0, 0),
(95739, 26369, 571, 1, 1, 25008, 0, 3329.4, -3186.65, 261.66, 3.28964, 300, 5, 0, 9610, 0, 0, 1),
(95813, 26369, 571, 1, 1, 25008, 0, 3321.57, -3177.17, 250.667, 1.82368, 300, 5, 0, 9610, 0, 0, 1),
(96100, 26369, 571, 1, 1, 25008, 0, 3427.44, -2935.13, 215.71, 2.63727, 300, 5, 0, 9610, 0, 0, 1),
(96123, 26369, 571, 1, 1, 25008, 0, 3291.47, -3088.35, 215.065, 5.01242, 300, 5, 0, 9610, 0, 0, 1),
(96125, 26369, 571, 1, 1, 25008, 0, 3423.59, -3107.75, 213.754, 6.21337, 300, 5, 0, 9610, 0, 0, 1),
(96127, 26369, 571, 1, 1, 25008, 0, 3317.57, -3107.36, 182.727, 2.60054, 300, 5, 0, 9610, 0, 0, 1),
(96129, 26369, 571, 1, 1, 25008, 0, 3359.7, -3114.07, 202.033, 0.383972, 300, 5, 0, 9610, 0, 0, 1),
(96130, 26369, 571, 1, 1, 25008, 0, 3353.29, -3110.4, 200.775, 3.45575, 300, 5, 0, 9610, 0, 0, 1),
(96132, 26369, 571, 1, 1, 25008, 0, 3308.03, -3097.77, 202.106, 0.718612, 300, 5, 0, 9610, 0, 0, 1),
(96136, 26369, 571, 1, 1, 25008, 0, 3399.41, -3048.96, 203.399, 3.26377, 300, 5, 0, 9610, 0, 0, 1),
(96141, 26369, 571, 1, 1, 25008, 0, 3403.32, -2969.78, 199.915, 1.37881, 300, 5, 0, 9610, 0, 0, 1),
(96143, 26369, 571, 1, 1, 25008, 0, 3411.2, -2958.74, 201.819, 1.48353, 300, 5, 0, 9610, 0, 0, 1),
(97830, 27408, 571, 1, 1, 22042, 0, 3245.02, -3020.31, 152.492, 4.62827, 300, 5, 0, 9610, 0, 0, 1),
(97832, 27408, 571, 1, 1, 22042, 0, 3373.01, -3008.71, 192.651, 1.30302, 300, 0, 0, 9610, 0, 0, 0),
(100065, 29740, 571, 1, 1, 26471, 0, 3273.75, -2246.84, 114.818, 4.5204, 300, 0, 0, 9610, 0, 0, 0),
(100963, 26425, 571, 1, 1, 24418, 0, 3254.28, -2275.65, 108.744, 4.67748, 300, 0, 0, 9940, 0, 0, 0),
(100964, 26425, 571, 1, 1, 24418, 0, 3258.14, -2275.75, 108.703, 4.76475, 300, 0, 0, 9940, 0, 0, 0),
(101432, 29244, 571, 1, 1, 26066, 0, 3422.37, -2768.27, 200.508, 1.32645, 300, 0, 0, 12922, 0, 0, 0),
(102235, 27204, 571, 1, 1, 24303, 0, 3267.48, -2203.57, 117.112, 0.977384, 300, 0, 0, 110010, 0, 0, 0),
(102355, 24901, 571, 1, 1, 22673, 0, 3068.76, -3153.34, 142.348, 3.36407, 300, 0, 0, 8982, 0, 0, 0),
(102370, 24901, 571, 1, 1, 22673, 0, 3151.13, -3177.64, 172.667, 5.25566, 300, 0, 0, 8982, 0, 0, 0),
(102451, 27719, 571, 1, 1, 25128, 0, 3281.23, -2288.77, 108.508, 1.27409, 300, 0, 0, 10282, 0, 0, 0),
(102502, 27720, 571, 1, 1, 4359, 0, 3271.18, -2283.29, 108.506, 0.837758, 300, 0, 0, 10282, 0, 0, 0),
(102839, 26447, 571, 1, 1, 24443, 0, 3246.88, -2275.95, 108.704, 4.7822, 300, 0, 0, 7952, 7654, 0, 0),
(107481, 27262, 571, 1, 1, 24479, 0, 3316.83, -2291.84, 110.191, 3.28122, 300, 0, 0, 10282, 3466, 0, 0),
(107660, 385, 571, 1, 1, 229, 0, 3437.12, -2819.99, 201.357, 0.610865, 300, 0, 0, 102, 0, 0, 0),
(107661, 385, 571, 1, 1, 229, 0, 3435.78, -2824.26, 201.397, 5.16617, 300, 0, 0, 102, 0, 0, 0),
(107738, 27266, 571, 1, 1, 24481, 0, 3250.79, -2275.8, 108.653, 4.69494, 300, 0, 0, 10282, 0, 0, 0),
(108044, 27783, 571, 1, 1, 24805, 0, 3424.36, -2680.88, 82.0611, 2.58309, 300, 0, 0, 110010, 0, 0, 0),
(108840, 27277, 571, 1, 1, 24492, 0, 3417.8, -2795.63, 201.604, 2.09439, 300, 0, 0, 18582, 0, 0, 0),
(109516, 31889, 571, 1, 1, 134, 0, 3303.2, -2438.88, 99.7853, 3.22765, 300, 5, 0, 8, 0, 0, 1),
(109530, 31889, 571, 1, 1, 134, 0, 3312.64, -2778.36, 171.714, 2.94427, 300, 5, 0, 8, 0, 0, 1),
(109534, 31889, 571, 1, 1, 134, 0, 3050.86, -2802.86, 104.389, 6.20304, 300, 5, 0, 8, 0, 0, 1),
(109550, 31889, 571, 1, 1, 134, 0, 3107.74, -3050.07, 116.917, 1.37608, 300, 5, 0, 8, 0, 0, 1),
(109567, 31889, 571, 1, 1, 134, 0, 3119.17, -2764.36, 124.331, 5.68869, 300, 5, 0, 8, 0, 0, 1),
(109581, 31889, 571, 1, 1, 134, 0, 3468.19, -2891.55, 203.429, 3.07611, 300, 5, 0, 8, 0, 0, 1),
(109607, 31889, 571, 1, 1, 134, 0, 3112.41, -2203.24, 109.68, 5.82884, 300, 5, 0, 8, 0, 0, 1),
(109608, 31889, 571, 1, 1, 134, 0, 3135.18, -2356.36, 98.4786, 0.793827, 300, 5, 0, 8, 0, 0, 1),
(109609, 31889, 571, 1, 1, 134, 0, 3385.97, -2915.48, 202.037, 1.31381, 300, 5, 0, 8, 0, 0, 1),
(109610, 31889, 571, 1, 1, 134, 0, 3233.19, -2742.83, 136.275, 0.405533, 300, 5, 0, 8, 0, 0, 1),
(109611, 31889, 571, 1, 1, 134, 0, 3454.31, -2943, 199.09, 6.17361, 300, 5, 0, 8, 0, 0, 1),
(109669, 31890, 571, 1, 1, 16633, 0, 3095.33, -3124.12, 133.41, 2.96567, 300, 5, 0, 8, 0, 0, 1),
(109678, 31890, 571, 1, 1, 16633, 0, 3054.11, -2298.46, 82.8224, 1.93025, 300, 5, 0, 8, 0, 0, 1),
(109696, 31890, 571, 1, 1, 16633, 0, 3459.2, -3002.37, 210.723, 1.10278, 300, 5, 0, 8, 0, 0, 1),
(109711, 31890, 571, 1, 1, 16633, 0, 3150.48, -2779.04, 138.857, 5.47845, 300, 5, 0, 8, 0, 0, 1),
(109719, 31890, 571, 1, 1, 16633, 0, 3164.81, -2474.15, 64.4329, 0.334096, 300, 5, 0, 8, 0, 0, 1),
(110475, 27546, 571, 1, 1, 23812, 0, 3110.83, -3091.04, 128.052, 0.244924, 300, 5, 0, 9940, 3387, 0, 1),
(110476, 27546, 571, 1, 1, 23812, 0, 3180.09, -3046.34, 133.666, 0.815905, 300, 5, 0, 9940, 3387, 0, 1),
(110477, 27546, 571, 1, 1, 23812, 0, 3120.02, -3061.54, 121.649, 3.11035, 300, 5, 0, 9940, 3387, 0, 1),
(110478, 27546, 571, 1, 1, 23814, 0, 3091.61, -3008.07, 118.016, 1.37002, 300, 5, 0, 9940, 3387, 0, 1),
(110479, 27546, 571, 1, 1, 23814, 0, 3111.65, -2969.95, 124.422, 2.02458, 300, 0, 0, 9940, 3387, 0, 0),
(110480, 27546, 571, 1, 1, 23814, 0, 3139.87, -3055.73, 126.667, 5.0675, 300, 5, 0, 9940, 3387, 0, 1),
(110481, 27546, 571, 1, 1, 23814, 0, 3158.33, -3030.98, 129.002, 0.872665, 300, 0, 0, 9940, 3387, 0, 0),
(110482, 27546, 571, 1, 1, 23812, 0, 3157.75, -3086.8, 137.307, 0.031716, 300, 5, 0, 9940, 3387, 0, 1),
(110483, 27546, 571, 1, 1, 23812, 0, 3051.04, -2982.29, 114.594, 0.198928, 300, 5, 0, 9940, 3387, 0, 1),
(110484, 27546, 571, 1, 1, 23812, 0, 3116.96, -3018.49, 118.338, 4.49423, 300, 5, 0, 9940, 3387, 0, 1),
(110485, 27546, 571, 1, 1, 23812, 0, 3088.57, -2973.33, 121.646, 5.79863, 300, 5, 0, 9940, 3387, 0, 1),
(110486, 27546, 571, 1, 1, 23813, 0, 3059, -3082.52, 117.398, 0.787469, 300, 5, 0, 9940, 3387, 0, 1),
(110488, 27546, 571, 1, 1, 23812, 0, 3097.27, -2998.01, 118.763, 0.996003, 300, 5, 0, 9940, 3387, 0, 1),
(110489, 27546, 571, 1, 1, 23812, 0, 3145.47, -3002.14, 134.129, 0.872665, 300, 0, 0, 9940, 3387, 0, 0),
(110490, 27546, 571, 1, 1, 23813, 0, 3140.86, -2990.92, 126.688, 0.715585, 300, 0, 0, 9940, 3387, 0, 0),
(110491, 27546, 571, 1, 1, 23814, 0, 3151.91, -2974.61, 126.189, 3.31429, 300, 5, 0, 9940, 3387, 0, 1),
(110492, 27546, 571, 1, 1, 23814, 0, 3152.95, -3007.4, 134.193, 0.837758, 300, 0, 0, 9940, 3387, 0, 0),
(110493, 27546, 571, 1, 1, 23812, 0, 3129.28, -2980.31, 124.58, 0.366519, 300, 0, 0, 9940, 3387, 0, 0),
(110494, 27546, 571, 1, 1, 23813, 0, 3161.46, -3005.84, 127.998, 1.11701, 300, 0, 0, 9940, 3387, 0, 0),
(110495, 27546, 571, 1, 1, 23812, 0, 3128.18, -2963.07, 124.043, 1.72915, 300, 5, 0, 9940, 3387, 0, 1),
(110496, 27546, 571, 1, 1, 23814, 0, 3112.54, -2982.7, 124.566, 0.331613, 300, 0, 0, 9940, 3387, 0, 0),
(110537, 27547, 571, 1, 1, 23825, 0, 3142.06, -3013.31, 134.288, 0.872665, 300, 0, 0, 10282, 0, 0, 0),
(110577, 27037, 571, 1, 1, 24241, 0, 3237.74, -2267.83, 115.855, 1.3439, 300, 0, 0, 9940, 0, 0, 0),
(110578, 27293, 571, 1, 1, 24503, 0, 3390.03, -2864.7, 200.076, 2.56563, 300, 0, 0, 19880, 0, 0, 0),
(110580, 27293, 571, 1, 1, 24503, 0, 3375.97, -2803.76, 199.012, 3.9968, 300, 0, 0, 19880, 0, 0, 0),
(110581, 27293, 571, 1, 1, 24502, 0, 3460.07, -2904.98, 201.101, 0.523599, 300, 0, 0, 19880, 0, 0, 0),
(110582, 27293, 571, 1, 1, 24503, 0, 3460.6, -2902.65, 201.078, 5.89921, 300, 0, 0, 19880, 0, 0, 0),
(110604, 27293, 571, 1, 1, 24503, 0, 3374.6, -2806, 199.048, 1.3439, 300, 0, 0, 19880, 0, 0, 0),
(110605, 27293, 571, 1, 1, 24503, 0, 3390.53, -2862.01, 199.621, 3.24631, 300, 0, 0, 19880, 0, 0, 0),
(110818, 27295, 571, 1, 1, 24507, 0, 3435.23, -2746.36, 199.472, 1.51844, 300, 0, 0, 10282, 3466, 0, 0),
(111705, 27047, 571, 1, 1, 11686, 0, 3232.75, -2963.01, 321.253, 5.44543, 300, 5, 0, 42, 0, 0, 1),
(113115, 27062, 571, 1, 1, 24278, 0, 3421.37, -2757.58, 199.375, 5.34071, 300, 0, 0, 17964, 0, 0, 0),
(113475, 27066, 571, 1, 1, 24276, 0, 3406.96, -2788.63, 201.604, 5.48033, 300, 0, 0, 7185, 7196, 0, 0),
(113661, 26043, 571, 1, 1, 23501, 0, 3422.33, -2759.05, 199.933, 4.99164, 300, 5, 0, 42, 0, 0, 1),
(113676, 27068, 571, 1, 1, 24277, 0, 3433.78, -2817.87, 201.183, 2.75762, 300, 0, 0, 8982, 0, 0, 0),
(113841, 27326, 571, 1, 1, 19595, 0, 3455.73, -2801.7, 202.61, 5.63741, 300, 0, 0, 4979, 0, 0, 0),
(113842, 27070, 571, 1, 1, 24292, 0, 3416.55, -2754.89, 199.408, 0.907571, 300, 0, 0, 8982, 0, 0, 0),
(113907, 27071, 571, 1, 1, 24279, 0, 3401.92, -2791.1, 201.604, 0.017453, 300, 0, 0, 7181, 0, 0, 0),
(113946, 27072, 571, 1, 1, 24270, 0, 3434.49, -2767.34, 200.544, 0.610865, 300, 0, 0, 9291, 0, 0, 0),
(113948, 27072, 571, 1, 1, 24270, 0, 3411.43, -2832.31, 201.331, 4.91899, 300, 0, 0, 9291, 0, 0, 2),
(113956, 27072, 571, 1, 1, 24269, 0, 3440.9, -2776.12, 200.595, 0.680678, 300, 0, 0, 9291, 0, 0, 0),
(113957, 27072, 571, 1, 1, 24268, 0, 3408.48, -2843.91, 201.111, 4.86947, 300, 0, 0, 9291, 0, 0, 0),
(113958, 27072, 571, 1, 1, 24269, 0, 3364.24, -2815.69, 198.309, 3.45575, 300, 0, 0, 9291, 0, 0, 0),
(113959, 27072, 571, 1, 1, 24270, 0, 3426.98, -2779.06, 202.64, 1.42, 300, 0, 0, 9291, 0, 0, 2),
(113961, 27072, 571, 1, 1, 24271, 0, 3418.09, -2842.32, 201.709, 4.62512, 300, 0, 0, 9291, 0, 0, 0),
(113962, 27072, 571, 1, 1, 24268, 0, 3403.41, -2749.43, 199.3, 4.65376, 300, 0, 0, 9291, 0, 0, 2),
(115501, 27088, 571, 1, 1, 24300, 0, 3401.9, -2790.61, 211.376, 0.349066, 300, 0, 0, 8982, 0, 0, 0),
(115607, 27089, 571, 1, 1, 24299, 0, 3410.7, -2801.19, 211.316, 1.09956, 300, 0, 0, 8982, 0, 0, 0),
(116268, 26839, 571, 1, 1, 24073, 0, 3238.68, -2235.09, 115.185, 4.31096, 300, 0, 0, 9940, 0, 0, 0),
(116269, 26839, 571, 1, 1, 24073, 0, 3347.7, -2197.28, 119.458, 0.436332, 300, 0, 0, 9940, 0, 0, 0),
(116270, 26839, 571, 1, 1, 24075, 0, 3254.67, -2221.96, 117.591, 4.27606, 300, 0, 0, 9940, 0, 0, 0),
(116271, 26839, 571, 1, 1, 24074, 0, 3264.31, -2226.28, 117.583, 4.11898, 300, 0, 0, 9940, 0, 0, 0),
(116272, 26839, 571, 1, 1, 24075, 0, 3175.16, -2233.87, 114.913, 3.14159, 300, 0, 0, 9940, 0, 0, 0),
(116273, 26839, 571, 1, 1, 24076, 0, 3296.48, -2353.12, 107.684, 1.85005, 300, 0, 0, 9940, 0, 0, 0),
(116274, 26839, 571, 1, 1, 24075, 0, 3266.01, -2206.17, 117.112, 1.11701, 300, 0, 0, 9940, 0, 0, 0),
(116275, 26839, 571, 1, 1, 24075, 0, 3264.1, -2206, 117.112, 1.01229, 300, 0, 0, 9940, 0, 0, 0),
(116276, 26839, 571, 1, 1, 24074, 0, 3267.28, -2207.39, 117.112, 1.22173, 300, 0, 0, 9940, 0, 0, 0),
(116277, 26839, 571, 1, 1, 24075, 0, 3262.85, -2206.96, 117.112, 0.977384, 300, 0, 0, 9940, 0, 0, 0),
(116278, 26839, 571, 1, 1, 24074, 0, 3266.91, -2209.06, 117.112, 1.23918, 300, 0, 0, 9940, 0, 0, 0),
(116279, 26839, 571, 1, 1, 24073, 0, 3265.92, -2196.89, 117.372, 4.31163, 300, 0, 0, 9940, 0, 0, 0),
(116280, 26839, 571, 1, 1, 24075, 0, 3274.49, -2200.19, 117.373, 4.46871, 300, 0, 0, 9940, 0, 0, 0),
(116281, 26839, 571, 1, 1, 24075, 0, 3203.2, -2202.08, 131.661, 4.95674, 300, 0, 0, 9940, 0, 0, 0),
(116282, 26839, 571, 1, 1, 24074, 0, 3292.03, -2354.72, 107.657, 1.62316, 300, 0, 0, 9940, 0, 0, 0),
(116283, 26839, 571, 1, 1, 24073, 0, 3207.67, -2199.5, 131.695, 5.044, 300, 0, 0, 9940, 0, 0, 0),
(116284, 26839, 571, 1, 1, 24075, 0, 3220.06, -2257.59, 113.664, 4.86823, 300, 5, 0, 9940, 0, 0, 1),
(116285, 26839, 571, 1, 1, 24076, 0, 3217.54, -2255.8, 114.362, 1.79078, 300, 5, 0, 9940, 0, 0, 1),
(116296, 26839, 571, 1, 1, 24073, 0, 3320.59, -2244.62, 115.509, 3.10669, 300, 0, 0, 9940, 0, 0, 0),
(116297, 26839, 571, 1, 1, 24076, 0, 3319.65, -2257.95, 114.753, 2.98451, 300, 0, 0, 9940, 0, 0, 0),
(116298, 26839, 571, 1, 1, 24074, 0, 3266.74, -2246.37, 114.851, 4.38078, 300, 0, 0, 9940, 0, 0, 0),
(116304, 26839, 571, 1, 1, 24074, 0, 3176.43, -2256.2, 114.913, 3.05433, 300, 0, 0, 9940, 0, 0, 0),
(116603, 26839, 571, 1, 1, 24075, 0, 3360.67, -2222.51, 119.458, 0.506145, 300, 0, 0, 9940, 0, 0, 0),
(117164, 27102, 571, 1, 1, 24286, 0, 3275.85, -2208.03, 117.029, 2.80998, 300, 0, 0, 154014, 0, 0, 0),
(117357, 26592, 571, 1, 1, 24235, 0, 3319.69, -2014.9, 96.8695, 3.40447, 300, 0, 0, 9940, 0, 0, 0),
(117358, 26592, 571, 1, 1, 24235, 0, 3307.81, -2003.77, 96.7345, 4.58708, 300, 5, 0, 9940, 0, 0, 1),
(117359, 26592, 571, 1, 1, 24235, 0, 3469.24, -2017.47, 150.807, 4.14474, 300, 5, 0, 9940, 0, 0, 1),
(117360, 26592, 571, 1, 1, 24235, 0, 3266.86, -2091.35, 101.32, 0.279253, 300, 0, 0, 9940, 0, 0, 0),
(117381, 26592, 571, 1, 1, 24235, 0, 3454.32, -2046.08, 143.11, 5.01252, 300, 5, 0, 9940, 0, 0, 1),
(117398, 26592, 571, 1, 1, 24235, 0, 3389.99, -2276.22, 122.787, -1.34048, 300, 0, 0, 9940, 0, 0, 0),
(117409, 26592, 571, 1, 1, 24235, 0, 3165.62, -2459.21, 67.984, 1.26621, 300, 5, 0, 9940, 0, 0, 1),
(117410, 26592, 571, 1, 1, 24235, 0, 3145.19, -2428.53, 71.6622, -1.22042, 300, 0, 0, 9940, 0, 0, 0),
(117411, 26592, 571, 1, 1, 24235, 0, 3144.6, -2420.53, 72.9303, -0.921024, 300, 0, 0, 9940, 0, 0, 0),
(117412, 26592, 571, 1, 1, 24235, 0, 3171.25, -2449.95, 70.6143, 1.80191, 300, 0, 0, 9940, 0, 0, 0),
(117417, 26592, 571, 1, 1, 24235, 0, 3173.6, -2405.8, 82.1212, 3.16772, 300, 5, 0, 9940, 0, 0, 1),
(117419, 26592, 571, 1, 1, 24235, 0, 3166.5, -2445.64, 70.6796, 2.28734, 300, 0, 0, 9940, 0, 0, 0),
(117420, 26592, 571, 1, 1, 24235, 0, 3182.39, -2448.3, 72.784, 3.07053, 300, 0, 0, 9940, 0, 0, 0),
(117741, 26852, 571, 1, 1, 24332, 0, 3261.52, -2265.45, 114.181, 2.09439, 300, 0, 0, 31905, 3561, 0, 0),
(117881, 29160, 571, 1, 1, 25959, 0, 3265.85, -2193.09, 117.456, 4.86947, 300, 0, 0, 25524, 23943, 0, 0),
(117926, 29161, 571, 1, 1, 25960, 0, 3424.13, -2790.68, 201.587, 0.401426, 300, 0, 0, 25524, 23943, 0, 0),
(118230, 27117, 571, 1, 1, 24310, 0, 3429.47, -2677.66, 78.2599, 2.11185, 300, 5, 0, 11928, 0, 0, 1),
(118250, 27117, 571, 1, 1, 24302, 0, 3116.78, -2574.45, 55.9061, 5.80232, 300, 5, 0, 11928, 0, 0, 1),
(118252, 27117, 571, 1, 1, 24309, 0, 3122.42, -2557.78, 55.2123, 0.090377, 300, 5, 0, 11928, 0, 0, 1),
(118253, 27117, 571, 1, 1, 24302, 0, 3134.89, -2579.71, 56.4757, 0.81347, 300, 5, 0, 11928, 0, 0, 1),
(118254, 27117, 571, 1, 1, 24310, 0, 3311.55, -2547.22, 55.5789, 3.735, 300, 5, 0, 11928, 0, 0, 1),
(118255, 27117, 571, 1, 1, 24309, 0, 3353.44, -2600.49, 52.9091, 3.42085, 300, 5, 0, 11928, 0, 0, 1),
(118256, 27117, 571, 1, 1, 24302, 0, 3318.94, -2557.73, 54.5976, 2.44164, 300, 5, 0, 11928, 0, 0, 1),
(118257, 27117, 571, 1, 1, 24310, 0, 3346.48, -2601.01, 52.9846, 0.075865, 300, 5, 0, 11928, 0, 0, 1),
(118258, 27117, 571, 1, 1, 24309, 0, 3292.26, -2540.28, 55.5751, 5.53269, 300, 5, 0, 11928, 0, 0, 1),
(118259, 27117, 571, 1, 1, 24310, 0, 3290.49, -2560.06, 57.0167, 4.29351, 300, 5, 0, 11928, 0, 0, 1),
(118261, 27117, 571, 1, 1, 24310, 0, 3421.56, -2683.77, 80.2807, 2.42601, 300, 5, 0, 11928, 0, 0, 1),
(118262, 27117, 571, 1, 1, 24309, 0, 3331.56, -2574.21, 52.6471, 4.52947, 300, 5, 0, 11928, 0, 0, 1),
(118263, 27117, 571, 1, 1, 24309, 0, 3322.99, -2635.77, 51.8127, 0.122173, 300, 5, 0, 11928, 0, 0, 1),
(118265, 27117, 571, 1, 1, 24302, 0, 3381.14, -2617.5, 52.9239, -1.55054, 300, 5, 0, 11928, 0, 0, 1),
(118266, 27117, 571, 1, 1, 24310, 0, 3325.31, -2615.82, 52.9156, 2.80223, 300, 5, 0, 11928, 0, 0, 1),
(118267, 27117, 571, 1, 1, 24310, 0, 3310.23, -2601.85, 52.651, 3.75172, 300, 5, 0, 11928, 0, 0, 1),
(118268, 27117, 571, 1, 1, 24302, 0, 3381.77, -2615.63, 52.9239, 4.69775, 300, 5, 0, 11928, 0, 0, 1),
(118269, 27117, 571, 1, 1, 24309, 0, 3346.69, -2569.94, 52.4935, 4.05257, 300, 5, 0, 11928, 0, 0, 1),
(118271, 27117, 571, 1, 1, 24310, 0, 3316.75, -2601.23, 52.9769, 2.7729, 300, 5, 0, 11928, 0, 0, 1),
(118272, 27117, 571, 1, 1, 24309, 0, 3379.07, -2622.4, 52.6172, 1.27201, 300, 5, 0, 11928, 0, 0, 1),
(118273, 27117, 571, 1, 1, 24302, 0, 3308.99, -2598.11, 52.7069, 2.78776, 300, 5, 0, 11928, 0, 0, 1),
(118274, 27117, 571, 1, 1, 24309, 0, 3323.02, -2598.4, 52.9897, 2.67035, 300, 5, 0, 11928, 0, 0, 1),
(118301, 26862, 571, 1, 1, 24080, 0, 3268.81, -2195.84, 117.456, 4.53786, 300, 0, 0, 29820, 0, 0, 0),
(118410, 27118, 571, 1, 1, 24305, 0, 3288.9, -2556.85, 57.0074, 4.97419, 300, 5, 0, 9940, 0, 0, 1),
(118411, 27118, 571, 1, 1, 24303, 0, 3138.11, -2577.97, 56.5119, -2.64509, 300, 5, 0, 9940, 0, 0, 1),
(118412, 27118, 571, 1, 1, 24303, 0, 3120.03, -2576.14, 56.1296, 2.66073, 300, 5, 0, 9940, 0, 0, 1),
(118413, 27118, 571, 1, 1, 24306, 0, 3126.03, -2558.42, 55.2468, 2.9661, 300, 5, 0, 9940, 0, 0, 1),
(118414, 27118, 571, 1, 1, 24305, 0, 3137.41, -2577.05, 56.5605, -2.32812, 300, 5, 0, 9940, 0, 0, 1),
(118415, 27118, 571, 1, 1, 24305, 0, 3122.92, -2561.39, 55.5922, 1.70759, 300, 5, 0, 9940, 0, 0, 1),
(118416, 27118, 571, 1, 1, 24303, 0, 3380.68, -2599.35, 52.5027, 5.48033, 300, 5, 0, 9940, 0, 0, 1),
(118417, 27118, 571, 1, 1, 24303, 0, 3351.16, -2597.62, 52.8049, -0.899915, 300, 5, 0, 9940, 0, 0, 1),
(118418, 27118, 571, 1, 1, 24306, 0, 3349.79, -2600.78, 52.8536, 0.079193, 300, 5, 0, 9940, 0, 0, 1),
(118419, 27118, 571, 1, 1, 24306, 0, 3312, -2550.85, 55.4969, 1.69566, 300, 5, 0, 9940, 0, 0, 1),
(118420, 27118, 571, 1, 1, 24306, 0, 3281.82, -2566.27, 56.438, 0.622255, 300, 5, 0, 9940, 0, 0, 1),
(118431, 27118, 571, 1, 1, 24303, 0, 3251.18, -2572.47, 52.8631, 3.04332, 300, 5, 0, 9940, 0, 0, 1),
(118432, 27118, 571, 1, 1, 24305, 0, 3324.86, -2563.7, 53.6143, 2.98451, 300, 5, 0, 9940, 0, 0, 1),
(118433, 27118, 571, 1, 1, 24306, 0, 3380.14, -2618.91, 52.9162, 1.11105, 300, 5, 0, 9940, 0, 0, 1),
(118436, 27118, 571, 1, 1, 24305, 0, 3286.49, -2595.94, 53.2216, 5.11381, 300, 5, 0, 9940, 0, 0, 1),
(118437, 27118, 571, 1, 1, 24306, 0, 3311.73, -2596.89, 52.6285, -2.72331, 300, 5, 0, 9940, 0, 0, 1),
(118438, 27118, 571, 1, 1, 24306, 0, 3306.27, -2595.65, 52.6971, -0.735329, 300, 5, 0, 9940, 0, 0, 1),
(118439, 27118, 571, 1, 1, 24303, 0, 3343.51, -2572.83, 52.3991, 0.174533, 300, 5, 0, 9940, 0, 0, 1),
(118440, 27118, 571, 1, 1, 24305, 0, 3258.7, -2575.68, 53.1623, 0.593412, 300, 5, 0, 9940, 0, 0, 1),
(118442, 27118, 571, 1, 1, 24306, 0, 3324.67, -2615.59, 52.8906, -0.339274, 300, 5, 0, 9940, 0, 0, 1),
(118443, 27118, 571, 1, 1, 24303, 0, 3269.02, -2591.45, 53.073, 0.399369, 300, 5, 0, 9940, 0, 0, 1),
(118444, 27118, 571, 1, 1, 24306, 0, 3264.75, -2599.83, 52.2668, 0.733038, 300, 5, 0, 9940, 0, 0, 1),
(118445, 27118, 571, 1, 1, 24303, 0, 3348.35, -2630.38, 52.4228, 1.97222, 300, 5, 0, 9940, 0, 0, 1),
(118456, 26863, 571, 1, 1, 24081, 0, 3273.05, -2197.5, 117.456, 4.17134, 300, 0, 0, 29820, 0, 0, 0),
(118579, 27120, 571, 1, 1, 24303, 0, 3215.31, -2498.81, 52.8002, 5.3058, 300, 0, 0, 110010, 0, 0, 0),
(118806, 26868, 571, 1, 1, 24085, 0, 3200.55, -2301.47, 107.758, 0.767945, 300, 0, 0, 9940, 0, 0, 0),
(118869, 27125, 571, 1, 1, 24311, 0, 3256.43, -2202.08, 117.112, 5.79449, 300, 0, 0, 9940, 0, 0, 0),
(118870, 26869, 571, 1, 1, 24088, 0, 3219.16, -2300.18, 110.748, 5.41052, 300, 0, 0, 9940, 0, 0, 0),
(118871, 26869, 571, 1, 1, 24087, 0, 3279.21, -2331, 107.536, 3.1765, 300, 0, 0, 9940, 0, 0, 0),
(118872, 26869, 571, 1, 1, 24089, 0, 3207.6, -2325.87, 110.646, 6.26573, 300, 0, 0, 9940, 0, 0, 0),
(118873, 26869, 571, 1, 1, 24089, 0, 3278.42, -2341.05, 107.617, 2.53073, 300, 0, 0, 9940, 0, 0, 0),
(118874, 26869, 571, 1, 1, 24087, 0, 3209.91, -2320.17, 109.991, 5.93412, 300, 0, 0, 9940, 0, 0, 0),
(118875, 26869, 571, 1, 1, 24089, 0, 3247.79, -2360.89, 107.545, 1.62316, 300, 0, 0, 9940, 0, 0, 0),
(118876, 26869, 571, 1, 1, 24088, 0, 3254.51, -2304.41, 107.52, 5.0091, 300, 0, 0, 9940, 0, 0, 0),
(118877, 26869, 571, 1, 1, 24086, 0, 3211.24, -2328.07, 107.758, 6.21337, 300, 0, 0, 9940, 0, 0, 0),
(118878, 26869, 571, 1, 1, 24089, 0, 3257.54, -2305.12, 107.542, 4.66003, 300, 0, 0, 9940, 0, 0, 0),
(118879, 26869, 571, 1, 1, 24087, 0, 3214.57, -2308.5, 109.947, 5.74213, 300, 0, 0, 9940, 0, 0, 0),
(118882, 26869, 571, 1, 1, 24087, 0, 3212.02, -2317.84, 109.158, 5.98648, 300, 0, 0, 9940, 0, 0, 0),
(118883, 26869, 571, 1, 1, 24086, 0, 3208.7, -2330.86, 110.079, 6.10865, 300, 0, 0, 9940, 0, 0, 0),
(118884, 26869, 571, 1, 1, 24086, 0, 3223.75, -2329.87, 107.617, 6.21337, 300, 0, 0, 9940, 0, 0, 0),
(118885, 26869, 571, 1, 1, 24089, 0, 3219.66, -2303.93, 109.311, 5.34071, 300, 0, 0, 9940, 0, 0, 0),
(119620, 26875, 571, 1, 1, 24367, 0, 3410.84, -2781.71, 202.283, 4.39823, 300, 0, 0, 46455, 0, 0, 0),
(119621, 26363, 571, 1, 1, 2161, 0, 3389.58, -2860.98, 199.58, 5.0091, 300, 0, 0, 9610, 0, 0, 0),
(119622, 26363, 571, 1, 1, 2161, 0, 3461.54, -2905.29, 201.073, 1.98968, 300, 0, 0, 9610, 0, 0, 0),
(119642, 26363, 571, 1, 1, 2161, 0, 3374.78, -2803.39, 198.867, 5.86431, 300, 0, 0, 9610, 0, 0, 0),
(119656, 26363, 571, 1, 1, 2161, 0, 3473.55, -2773.83, 200.832, 5.25344, 300, 0, 0, 9610, 0, 0, 0),
(119835, 26363, 571, 1, 1, 2161, 0, 3309.47, -2130.24, 115.862, 1.6064, 300, 5, 0, 9610, 0, 0, 1),
(119857, 26363, 571, 1, 1, 2161, 0, 3353.92, -2016.01, 106.692, 1.94169, 300, 5, 0, 9610, 0, 0, 1),
(119905, 26363, 571, 1, 1, 2161, 0, 3283.93, -2123.36, 110.445, 4.28285, 300, 5, 0, 9610, 0, 0, 1),
(119921, 26363, 571, 1, 1, 2161, 0, 3362.65, -3127.32, 198.295, 0.436332, 300, 5, 0, 9610, 0, 0, 1),
(119926, 27131, 571, 1, 1, 21635, 0, 3080.93, -3106.1, 123.91, 2.88501, 300, 5, 0, 9940, 0, 0, 1),
(119942, 26363, 571, 1, 1, 2161, 0, 3127.79, -2179.65, 108.311, 0.165576, 300, 5, 0, 9610, 0, 0, 1),
(119953, 26363, 571, 1, 1, 2161, 0, 3428.59, -2886.05, 202.874, 3.63922, 300, 5, 0, 9610, 0, 0, 1),
(119959, 26363, 571, 1, 1, 2161, 0, 3422.58, -2379.36, 130.93, 3.6054, 300, 5, 0, 9610, 0, 0, 1),
(119964, 26363, 571, 1, 1, 2161, 0, 3398.05, -2339.09, 126.875, 0.647762, 300, 0, 0, 9610, 0, 0, 0),
(119965, 26363, 571, 1, 1, 2161, 0, 3449.58, -2411.64, 130.352, 4.00239, 300, 5, 0, 9610, 0, 0, 1),
(119974, 26363, 571, 1, 1, 2161, 0, 3416.15, -2469.19, 121.859, 1.53811, 300, 5, 0, 9610, 0, 0, 1),
(119982, 26363, 571, 1, 1, 2161, 0, 3049.24, -2762.8, 91.0043, 4.95681, 300, 5, 0, 9610, 0, 0, 1),
(119983, 26363, 571, 1, 1, 2161, 0, 3112.44, -2708.32, 105.143, 3.58466, 300, 5, 0, 9610, 0, 0, 1),
(119984, 26363, 571, 1, 1, 2161, 0, 3223.79, -2954.99, 145.913, 5.24243, 300, 5, 0, 9610, 0, 0, 1),
(119988, 27131, 571, 1, 1, 21635, 0, 3458.17, -3170.56, 217.898, 3.19433, 300, 5, 0, 9940, 0, 0, 1),
(119994, 26363, 571, 1, 1, 2161, 0, 3373.28, -3009.49, 193.008, 1.4079, 300, 5, 0, 9610, 0, 0, 1),
(119995, 26363, 571, 1, 1, 2161, 0, 3371.08, -3014.81, 193.716, 1.32995, 300, 5, 0, 9610, 0, 0, 1),
(119996, 26363, 571, 1, 1, 2161, 0, 3268.75, -2805.83, 153.21, 4.71239, 300, 5, 0, 9610, 0, 0, 1),
(119997, 26363, 571, 1, 1, 2161, 0, 3216.52, -2712.46, 125.195, 1.39716, 300, 5, 0, 9610, 0, 0, 1),
(119999, 26363, 571, 1, 1, 2161, 0, 3219.53, -2827.36, 147.627, 6.20304, 300, 5, 0, 9610, 0, 0, 1),
(120000, 26363, 571, 1, 1, 2161, 0, 3264.61, -2776.01, 148.879, 6.06875, 300, 5, 0, 9610, 0, 0, 1),
(120001, 26363, 571, 1, 1, 2161, 0, 3185.78, -2753.4, 141.862, 2.54821, 300, 5, 0, 9610, 0, 0, 1),
(120002, 26363, 571, 1, 1, 2161, 0, 3217.38, -2786.38, 146.846, 3.40113, 300, 5, 0, 9610, 0, 0, 1),
(120003, 26363, 571, 1, 1, 2161, 0, 3242.23, -2728.65, 127.091, 1.81625, 300, 5, 0, 9610, 0, 0, 1),
(120004, 26363, 571, 1, 1, 2161, 0, 3052.84, -2280.56, 85.7908, 0.766064, 300, 5, 0, 9610, 0, 0, 1),
(120005, 26363, 571, 1, 1, 2161, 0, 3185.71, -2896.24, 136.318, 1.92717, 300, 5, 0, 9610, 0, 0, 1),
(120006, 26363, 571, 1, 1, 2161, 0, 3154.62, -2862.73, 134.752, 5.01097, 300, 5, 0, 9610, 0, 0, 1),
(120008, 26363, 571, 1, 1, 2161, 0, 3144.17, -2682.31, 110.192, 5.34183, 300, 5, 0, 9610, 0, 0, 1),
(120010, 26363, 571, 1, 1, 2161, 0, 3268.38, -2888.96, 162.598, 0.002001, 300, 5, 0, 9610, 0, 0, 1),
(120011, 26363, 571, 1, 1, 2161, 0, 3123.1, -2756.15, 124.47, 0.060591, 300, 5, 0, 9610, 0, 0, 1),
(120012, 26363, 571, 1, 1, 2161, 0, 3179.38, -2720.81, 125.642, 4.82391, 300, 5, 0, 9610, 0, 0, 1),
(120013, 26363, 571, 1, 1, 2161, 0, 3110.93, -2865.93, 128.168, 1.82162, 300, 5, 0, 9610, 0, 0, 1),
(120015, 26363, 571, 1, 1, 2161, 0, 3120.9, -2807.51, 131.451, 2.94305, 300, 5, 0, 9610, 0, 0, 1),
(120017, 26363, 571, 1, 1, 2161, 0, 3152.13, -2823.38, 143.955, 3.30048, 300, 5, 0, 9610, 0, 0, 1),
(120018, 26363, 571, 1, 1, 2161, 0, 3049.33, -2810.74, 106.415, 4.11005, 300, 5, 0, 9610, 0, 0, 1),
(120019, 26363, 571, 1, 1, 2161, 0, 3089.11, -2841.36, 125.893, 0.121447, 300, 5, 0, 9610, 0, 0, 1),
(120020, 26363, 571, 1, 1, 2161, 0, 3237.83, -2911.18, 149.823, 6.07871, 300, 5, 0, 9610, 0, 0, 1),
(120022, 26363, 571, 1, 1, 2161, 0, 3274.16, -2962.7, 167.358, 1.32629, 300, 5, 0, 9610, 0, 0, 1),
(120023, 26363, 571, 1, 1, 2161, 0, 3053.69, -2909.32, 116.526, 1.33434, 300, 5, 0, 9610, 0, 0, 1),
(120024, 26363, 571, 1, 1, 2161, 0, 3309.96, -2865.36, 177.661, 1.83662, 300, 5, 0, 9610, 0, 0, 1),
(120025, 26363, 571, 1, 1, 2161, 0, 3140.6, -2923.52, 127.095, 3.17865, 300, 5, 0, 9610, 0, 0, 1),
(120027, 26363, 571, 1, 1, 2161, 0, 3414.7, -2939.51, 203.125, 3.22878, 300, 5, 0, 9610, 0, 0, 1),
(120029, 26363, 571, 1, 1, 2161, 0, 3458.58, -3013.53, 214.852, 2.58175, 300, 5, 0, 9610, 0, 0, 1),
(120030, 26363, 571, 1, 1, 2161, 0, 3408.6, -2247.52, 121.073, 2.55175, 300, 0, 0, 9610, 0, 0, 0),
(120032, 27131, 571, 1, 1, 21635, 0, 3142.16, -3125, 142.045, 1.35702, 300, 5, 0, 9940, 0, 0, 1),
(120033, 27131, 571, 1, 1, 21635, 0, 3182.1, -3109.91, 147.868, 4.485, 300, 5, 0, 9940, 0, 0, 1),
(120034, 27131, 571, 1, 1, 21635, 0, 3201.23, -3136.65, 164.5, 1.97225, 300, 5, 0, 9940, 0, 0, 1),
(120037, 26363, 571, 1, 1, 2161, 0, 3417.49, -3052.52, 205.581, 6.08318, 300, 5, 0, 9610, 0, 0, 1),
(120039, 26363, 571, 1, 1, 2161, 0, 3320.5, -3149.34, 187.83, 4.85636, 300, 5, 0, 9610, 0, 0, 1),
(120041, 26363, 571, 1, 1, 2161, 0, 3248.71, -3055.96, 156.594, 0.375794, 300, 5, 0, 9610, 0, 0, 1),
(120042, 26363, 571, 1, 1, 2161, 0, 3280.81, -3045.45, 169.718, 4.79965, 300, 0, 0, 9610, 0, 0, 0),
(120049, 27131, 571, 1, 1, 21635, 0, 3460.34, -2661.34, 79.3873, -2.04482, 300, 0, 0, 9940, 0, 0, 0),
(120093, 27131, 571, 1, 1, 21635, 0, 3471.13, -2617.89, 80.935, 1.29598, 300, 5, 0, 9940, 0, 0, 1),
(120095, 27388, 571, 1, 1, 24603, 0, 3274.94, -2213.25, 117.112, 2.53073, 300, 0, 0, 9940, 0, 0, 0),
(120104, 27132, 571, 1, 1, 24328, 0, 3316.09, -2317.75, 110.191, 3.38594, 300, 0, 0, 7984, 0, 0, 0),
(120333, 27133, 571, 1, 1, 24330, 0, 3315.25, -2295.14, 110.191, 2.25148, 300, 0, 0, 7984, 0, 0, 0),
(120417, 27134, 571, 1, 1, 24331, 0, 3309.34, -2338.63, 110.929, 2.33874, 300, 0, 0, 9291, 0, 0, 0),
(120547, 27391, 571, 1, 1, 24604, 0, 3418.72, -2812.36, 200.583, 4.46804, 300, 0, 0, 9940, 0, 0, 0),
(125675, 6491, 571, 1, 1, 0, 0, 3100.18, -1983.4, 83.3072, 5.01701, 60, 0, 0, 4120, 0, 0, 0),
(127632, 16400, 533, 3, 1, 11686, 0, 3252.53, -3188.57, 318.109, 0.742117, 3600, 5, 0, 17010, 0, 0, 1),
(127676, 15384, 533, 3, 1, 11686, 0, 3270.13, -3169.95, 297.506, 5.88176, 3600, 5, 0, 4120, 0, 0, 1),
(127677, 15384, 533, 3, 1, 11686, 0, 3255.71, -3135.68, 297.506, 1.8675, 3600, 5, 0, 4120, 0, 0, 1),
(127679, 15384, 533, 3, 1, 11686, 0, 3307.3, -3183.45, 297.506, 5.74213, 3600, 5, 0, 4120, 0, 0, 1),
(127782, 15932, 533, 3, 1, 16064, 0, 3283.09, -3156.96, 297.788, 3.82227, 604800, 0, 0, 2789000, 0, 0, 0),
(128054, 30071, 533, 3, 1, 26746, 0, 3070.6, -2982.7, 267.593, 4.2984, 3600, 5, 0, 269620, 0, 0, 1),
(128056, 30071, 533, 3, 1, 26746, 0, 3283.74, -2983.29, 294.661, 4.47032, 3600, 5, 0, 269620, 0, 0, 1),
(128057, 30071, 533, 3, 1, 26746, 0, 3457.66, -3101.08, 294.661, 2.97812, 3600, 5, 0, 269620, 0, 0, 1),
(128059, 30071, 533, 3, 1, 26746, 0, 3102.6, -2986.98, 267.676, 0.78242, 3600, 0, 0, 269620, 0, 0, 0),
(128060, 30071, 533, 3, 1, 26746, 0, 3405.48, -3034.04, 295.172, 4.17134, 3600, 0, 0, 269620, 0, 0, 0),
(128077, 16018, 533, 3, 1, 15958, 0, 3082.01, -3136.31, 293.345, 0.663363, 3600, 5, 0, 175946, 0, 0, 1),
(128078, 16018, 533, 3, 1, 15958, 0, 3086.16, -3071.27, 294.083, 1.88488, 3600, 5, 0, 175946, 0, 0, 1),
(128079, 16018, 533, 3, 1, 15958, 0, 3069.91, -3072.98, 294.084, 1.67068, 3600, 5, 0, 175946, 0, 0, 1),
(128089, 16020, 533, 3, 1, 16063, 0, 3100.32, -3086.68, 294.16, 0.314159, 3600, 0, 0, 78198, 8162, 0, 0),
(128090, 16020, 533, 3, 1, 16063, 0, 3102.75, -3089.39, 294.161, 1.18682, 3600, 0, 0, 78198, 8162, 0, 0),
(128093, 16021, 533, 3, 1, 16175, 0, 3105.27, -3085.36, 294.163, 3.75246, 3600, 0, 0, 188734, 0, 0, 0),
(128100, 16022, 533, 3, 1, 836, 0, 3101.21, -3088.26, 294.16, 0.820305, 3600, 0, 0, 31500, 19970, 0, 0),
(128101, 16022, 533, 3, 1, 836, 0, 3104.55, -3090.4, 294.16, 1.53589, 3600, 0, 0, 31500, 19970, 0, 0),
(128102, 16022, 533, 3, 1, 836, 0, 3099.31, -3084.86, 294.16, 6.17846, 3600, 0, 0, 31500, 19970, 0, 0),
(128117, 16024, 533, 3, 1, 12349, 0, 3129.97, -3190.44, 294.146, 2.61799, 3600, 0, 0, 20160, 0, 0, 0),
(128125, 16027, 533, 3, 1, 12349, 0, 3145.82, -3158.44, 293.352, 4.46539, 3600, 5, 0, 117297, 0, 0, 1),
(128126, 16027, 533, 3, 1, 12349, 0, 3129.57, -3139.86, 294.063, 4.7584, 3600, 5, 0, 117297, 0, 0, 1),
(128127, 16027, 533, 3, 1, 12349, 0, 3129.24, -3144.08, 294.063, 4.73114, 3600, 5, 0, 117297, 0, 0, 1),
(128128, 16027, 533, 3, 1, 12349, 0, 3128.7, -3155.04, 293.715, 4.71795, 3600, 5, 0, 117297, 0, 0, 1),
(128129, 16027, 533, 3, 1, 12349, 0, 3158.25, -3163.89, 293.303, 4.13747, 3600, 5, 0, 117297, 0, 0, 1),
(128130, 16027, 533, 3, 1, 12349, 0, 3166.74, -3150.51, 294.063, 4.21928, 3600, 5, 0, 117297, 0, 0, 1),
(128131, 16027, 533, 3, 1, 12349, 0, 3175.46, -3134.27, 293.366, 4.11898, 3600, 0, 0, 117297, 0, 0, 0),
(128132, 16027, 533, 3, 1, 12349, 0, 3154.42, -3125.45, 293.435, 4.46804, 3600, 0, 0, 117297, 0, 0, 0),
(128133, 16027, 533, 3, 1, 12349, 0, 3128.61, -3118.98, 293.429, 4.81711, 3600, 0, 0, 117297, 0, 0, 0),
(128134, 16027, 533, 3, 1, 12349, 0, 3128.83, -3136.96, 294.064, 4.72483, 3600, 5, 0, 117297, 0, 0, 1),
(128135, 16028, 533, 3, 1, 16174, 0, 3158.63, -3145.42, 294.063, 6.04746, 604800, 5, 0, 4322950, 0, 0, 1),
(128167, 16030, 533, 3, 1, 9904, 0, 3125.16, -3066.66, 294.156, 1.20428, 3600, 0, 0, 8, 0, 0, 0),
(128351, 16082, 533, 3, 1, 11686, 0, 3122.96, -3152.1, 342.371, 6.10865, 3600, 0, 0, 17010, 0, 0, 0),
(128415, 4075, 533, 3, 1, 1141, 0, 3081.84, -3062.09, 294.151, 5.044, 3600, 0, 0, 8, 0, 0, 0),
(128416, 4075, 533, 3, 1, 1418, 0, 3084.76, -3063.93, 294.154, 3.59538, 3600, 0, 0, 8, 0, 0, 0),
(128417, 4075, 533, 3, 1, 1141, 0, 3087.03, -3062.32, 294.153, 2.37365, 3600, 0, 0, 8, 0, 0, 0),
(128418, 4075, 533, 3, 1, 2176, 0, 3091.66, -3065.17, 294.158, 3.78736, 3600, 0, 0, 8, 0, 0, 0),
(128419, 4075, 533, 3, 1, 1141, 0, 3096.33, -3067.03, 294.161, 3.78736, 3600, 0, 0, 8, 0, 0, 0),
(128420, 4075, 533, 3, 1, 1141, 0, 3097.6, -3063.46, 294.158, 3.83972, 3600, 0, 0, 8, 0, 0, 0),
(128421, 4075, 533, 3, 1, 1141, 0, 3089.47, -3062.15, 294.153, 6.0912, 3600, 0, 0, 8, 0, 0, 0),
(128422, 4075, 533, 3, 1, 2176, 0, 3085.19, -3058.58, 294.148, 0.20944, 3600, 0, 0, 8, 0, 0, 0),
(128423, 4075, 533, 3, 1, 1141, 0, 3095.58, -3059.41, 294.152, 1.44862, 3600, 0, 0, 8, 0, 0, 0),
(128424, 4075, 533, 3, 1, 1141, 0, 3088.22, -3065.31, 294.157, 2.30383, 3600, 0, 0, 8, 0, 0, 0),
(130958, 15929, 533, 3, 1, 15297, 0, 3450.45, -2931.42, 312.091, 5.49779, 604800, 0, 0, 836700, 0, 0, 0);

--
-- Daten für Tabelle `gameobject`
--

REPLACE INTO `gameobject` VALUES
(99772, 174797, 1, 1, 1, 3078.17, -2699.43, 208.812, 4.15916, 0, 0, 0, 0, 180, 100, 1),
(27868, 176245, 329, 1, 1, 3456.98, -3106.54, 137.908, 2.18166, 0, 0, 0.887011, 0.461749, 180, 100, 1),
(29191, 175756, 329, 1, 1, 3458.6, -3107.46, 137.9, -0.645772, 0, 0, 0.317305, -0.948324, 180, 100, 1),
(28477, 177287, 329, 1, 1, 3450.79, -3105.5, 138.456, 0.610865, 0, 0, 0.300706, 0.953717, 180, 100, 1),
(28515, 175753, 329, 1, 1, 3470.62, -3094.68, 137.664, 0.314159, 0, 0, 0.156434, 0.987688, 180, 100, 1),
(20031, 176587, 0, 1, 1, 3113.36, -3062, 133.206, 0.437, 0, 0, 0, 0, 2700, 100, 1),
(20094, 176587, 0, 1, 1, 3178.31, -3132, 154.253, 2.365, 0, 0, 0, 0, 2700, 100, 1),
(45772, 177668, 0, 1, 1, 3234.45, -3095.5, 162.193, 0.174533, 0, 0, 0.087156, 0.996195, 900, 100, 1),
(45782, 176584, 0, 1, 1, 3137.76, -2946.87, 121.373, 0.663225, 0, 0, 0.325568, 0.945519, 2700, 100, 1),
(45788, 177464, 0, 1, 1, 3101.7, -2973.57, 123.886, 2.46091, 0, 0, 0.942641, 0.333807, 300, 100, 1),
(45814, 176586, 0, 1, 1, 3303.08, -3117.53, 167.973, 1.32645, 0, 0, 0.615662, 0.788011, 2700, 100, 1),
(45829, 179747, 0, 1, 1, 3116.67, -2819.62, 126.054, 1.67552, 0, 0, 0.743145, 0.669131, 900, 100, 1),
(45848, 177464, 0, 1, 1, 3185.19, -3051.57, 142.776, 1.39626, 0, 0, 0.642788, 0.766044, 300, 100, 1),
(45849, 177464, 0, 1, 1, 3149.18, -3107.17, 162.386, -0.698132, 0, 0, 0.34202, -0.939693, 300, 100, 1),
(45857, 177464, 0, 1, 1, 3264.28, -2975.98, 130.729, -0.890118, 0, 0, 0.430511, -0.902585, 300, 100, 1),
(45859, 177464, 0, 1, 1, 3246.43, -3053.01, 158.993, -2.18166, 0, 0, 0.887011, -0.461749, 300, 100, 1),
(45904, 179747, 0, 1, 1, 3071.87, -2859.33, 107.392, -0.959931, 0, 0, 0.461749, -0.887011, 900, 100, 1),
(45905, 179747, 0, 1, 1, 3050.04, -2887.48, 109.743, 2.32129, 0, 0, 0.91706, 0.398749, 900, 100, 1),
(27891, 175749, 329, 1, 1, 3471.25, -3095.42, 137.664, 1.48353, 0, 0, 0.67559, 0.737277, 180, 100, 1),
(55308, 2061, 571, 1, 1, 3137.52, -2970.83, 124.577, -2.38237, 0, 0, 0, 1, 300, 100, 1),
(55333, 2061, 571, 1, 1, 3417.7, -2769.29, 200.523, 1.81514, 0, 0, 0, 1, 300, 100, 1),
(55718, 2066, 571, 1, 1, 3212.33, -2254.1, 115.006, 3.07175, 0, 0, 0, 1, 300, 100, 1),
(55719, 2066, 571, 1, 1, 3221.41, -2236.12, 116.364, 3.07173, 0, 0, 0, 1, 300, 100, 1),
(55725, 2066, 571, 1, 1, 3278.57, -2243.94, 114.676, 1.9635, 0, 0, 0, 1, 300, 100, 1),
(55726, 2066, 571, 1, 1, 3298.06, -2258.03, 112.004, -3.03684, 0, 0, 0, 1, 300, 100, 1),
(55731, 2066, 571, 1, 1, 3301.63, -2327.83, 107.617, -3.03687, 0, 0, 0, 1, 300, 100, 1),
(55737, 2066, 571, 1, 1, 3307.64, -2228.86, 115.954, -3.03686, 0, 0, 0, 1, 300, 100, 1),
(55739, 2066, 571, 1, 1, 3221.32, -2284.76, 107.651, 1.96349, 0, 0, 0, 1, 300, 100, 1),
(55762, 2066, 571, 1, 1, 3165.09, -2256.16, 114.372, 3.07175, 0, 0, 0, 1, 300, 100, 1),
(55763, 2066, 571, 1, 1, 3164.75, -2234.16, 114.216, 3.07176, 0, 0, 0, 1, 300, 100, 1),
(55764, 2066, 571, 1, 1, 3131.15, -2241.11, 108.368, -3.11539, 0, 0, 0, 1, 300, 100, 1),
(55765, 2066, 571, 1, 1, 3132.42, -2253.97, 107.961, 3.08046, 0, 0, 0, 1, 300, 100, 1),
(55769, 2066, 571, 1, 1, 3096.25, -2256.43, 97.3095, 2.95831, 0, 0, 0, 1, 300, 100, 1),
(55780, 2066, 571, 1, 1, 3100.36, -2269.45, 97.1247, 2.95832, 0, 0, 0, 1, 300, 100, 1),
(56583, 192034, 571, 1, 1, 3229.4, -2209.96, 153.567, -1.96319, 0, 0, -0.83147, 0.55557, 300, 100, 1),
(56595, 192035, 571, 1, 1, 3291.23, -2235.57, 153.545, -1.9635, 0, 0, -0.83147, 0.55557, 300, 100, 1),
(56654, 188452, 571, 1, 1, 3309.21, -2341.57, 110.914, -1.33518, 0, 0, 0, 1, 300, 100, 1),
(56657, 192036, 571, 1, 1, 3319.39, -2164.45, 153.705, -1.98055, 0, 0, -0.83147, 0.55557, 300, 100, 1),
(56707, 188453, 571, 1, 1, 3312.17, -2338.18, 111.023, -1.37881, 0, 0, 0, 1, 300, 100, 1),
(56710, 192037, 571, 1, 1, 3258.6, -2139.46, 153.57, -1.96357, 0, 0, -0.83147, 0.55557, 300, 100, 1),
(57048, 192050, 571, 1, 1, 3136.04, -2612.24, 49.2578, 0.680677, 0, 0, 0, 1, 300, 100, 1),
(57049, 192050, 571, 1, 1, 3404.27, -2562.8, 49.2578, 2.44346, 0, 0, 0, 1, 300, 100, 1),
(57069, 192050, 571, 1, 1, 3256.55, -2511.01, 49.2578, -1.81514, 0, 0, 0, 1, 300, 100, 1),
(57070, 192050, 571, 1, 1, 3413.74, -2598.2, 49.2578, 3.14159, 0, 0, 0, 1, 300, 100, 1),
(57168, 188472, 571, 1, 1, 3246.95, -2275.92, 108.622, 3.00195, 0, 0, 0, 1, 300, 100, 1),
(57169, 188472, 571, 1, 1, 3243.32, -2275.76, 108.618, -3.01941, 0, 0, 0, 1, 300, 100, 1),
(57170, 188472, 571, 1, 1, 3254.47, -2275.61, 108.659, 3.14159, 0, 0, 0, 1, 300, 100, 1),
(57171, 188472, 571, 1, 1, 3258.31, -2275.67, 108.619, -3.07177, 0, 0, 0, 1, 300, 100, 1),
(57290, 187194, 571, 1, 1, 3351.67, -2245.89, 137.426, -3.12412, 0, 0, 0, 1, 300, 100, 1),
(57291, 187194, 571, 1, 1, 3426.07, -2797.11, 207.806, -0.942477, 0, 0, 0, 1, 300, 100, 1),
(57311, 187194, 571, 1, 1, 3415.61, -2804.82, 207.875, -0.942477, 0, 0, 0, 1, 300, 100, 1),
(57327, 187194, 571, 1, 1, 3191.1, -2279.25, 131.501, 0.139624, 0, 0, 0, 1, 300, 100, 1),
(57328, 187194, 571, 1, 1, 3313.64, -2339.26, 135.381, 2.46091, 0, 0, 0, 1, 300, 100, 1),
(57329, 187194, 571, 1, 1, 3404.85, -2779.62, 207.374, 2.21656, 0, 0, 0, 1, 300, 100, 1),
(57345, 187194, 571, 1, 1, 3248.33, -2376.13, 125.816, 1.5708, 0, 0, 0, 1, 300, 100, 1),
(57361, 187194, 571, 1, 1, 3272.99, -2376.12, 126.18, 1.5708, 0, 0, 0, 1, 300, 100, 1),
(57362, 187194, 571, 1, 1, 3207.48, -2339.07, 129.039, 0.541051, 0, 0, 0, 1, 300, 100, 1),
(57363, 187194, 571, 1, 1, 3325.68, -2187.14, 134.125, -2.49582, 0, 0, 0, 1, 300, 100, 1),
(57364, 187194, 571, 1, 1, 3342.09, -2281.31, 137.68, 2.70526, 0, 0, 0, 1, 300, 100, 1),
(57365, 187194, 571, 1, 1, 3220.81, -2360.82, 129.098, 0.558504, 0, 0, 0, 1, 300, 100, 1),
(57379, 187194, 571, 1, 1, 3331.03, -2305.59, 137.538, 2.70526, 0, 0, 0, 1, 300, 100, 1),
(57380, 187194, 571, 1, 1, 3194.92, -2304.8, 131.448, 0.157079, 0, 0, 0, 1, 300, 100, 1),
(57579, 188481, 571, 1, 1, 3271.94, -2194.43, 117.373, -1.93731, 0, 0, 0, 1, 300, 100, 1),
(57778, 190026, 571, 1, 1, 3165.09, -2256.16, 114.372, 3.07175, 0, 0, 0, 1, 300, 100, 1),
(57792, 190027, 571, 1, 1, 3164.75, -2234.16, 114.216, 3.07176, 0, 0, 0, 1, 300, 100, 1),
(57800, 190028, 571, 1, 1, 3131.15, -2241.11, 108.368, -3.11539, 0, 0, 0, 1, 300, 100, 1),
(57845, 190029, 571, 1, 1, 3132.42, -2253.97, 107.961, 3.08046, 0, 0, 0, 1, 300, 100, 1),
(57868, 190030, 571, 1, 1, 3100.36, -2269.45, 97.1247, 2.95832, 0, 0, 0, 1, 300, 100, 1),
(57888, 190031, 571, 1, 1, 3096.25, -2256.43, 97.3095, 2.95831, 0, 0, 0, 1, 300, 100, 1),
(57969, 190546, 571, 1, 1, 3408.24, -2783.02, 202.166, 2.20784, 0, 0, 0.892979, 0.450098, 300, 100, 1),
(57979, 190547, 571, 1, 1, 3401.24, -2800.18, 201.478, 0.637045, 0, 0, 0.892979, 0.450098, 300, 100, 1),
(58005, 190548, 571, 1, 1, 3399.76, -2798.18, 201.478, 0.637045, 0, 0, 0.892979, 0.450098, 300, 100, 1),
(58314, 187235, 571, 1, 1, 3237.11, -2271.5, 113.917, 1.6057, 0, 0, 0, 1, 300, 100, 1),
(58315, 187235, 571, 1, 1, 3184.46, -2253.97, 114.863, 2.40855, 0, 0, 0, 1, 300, 100, 1),
(58316, 187235, 571, 1, 1, 3267.52, -2271.93, 114.22, 2.19912, 0, 0, 0, 1, 300, 100, 1),
(58317, 187235, 571, 1, 1, 3294.67, -2261.47, 111.928, -2.35619, 0, 0, 0, 1, 300, 100, 1),
(58322, 187235, 571, 1, 1, 3413.37, -2812.23, 200.458, -1.20428, 0, 0, 0, 1, 300, 100, 1),
(58423, 187235, 571, 1, 1, 3093.77, -2252.84, 97.0537, -2.79252, 0, 0, 0, 1, 300, 100, 1),
(58424, 187235, 571, 1, 1, 3323.3, -2296.87, 110.109, 2.46091, 0, 0, 0, 1, 300, 100, 1),
(58428, 187235, 571, 1, 1, 3457.13, -2785.36, 201.252, 0.174532, 0, 0, 0, 1, 300, 100, 1),
(58429, 187235, 571, 1, 1, 3432.56, -2829.04, 201.704, 1.97222, 0, 0, 0, 1, 300, 100, 1),
(58430, 187235, 571, 1, 1, 3428.66, -2766.98, 200.368, 2.25147, 0, 0, 0, 1, 300, 100, 1),
(58529, 187235, 571, 1, 1, 3225.83, -2298.4, 107.293, 0.837757, 0, 0, 0, 1, 300, 100, 1),
(58530, 187235, 571, 1, 1, 3286.43, -2201.52, 117.373, -2.44346, 0, 0, 0, 1, 300, 100, 1),
(58531, 187235, 571, 1, 1, 3441.72, -2747.26, 199.389, -1.48353, 0, 0, 0, 1, 300, 100, 1),
(58591, 187235, 571, 1, 1, 3302.05, -2350.77, 108.889, 2.07694, 0, 0, 0, 1, 300, 100, 1),
(58592, 187235, 571, 1, 1, 3452.2, -2755.47, 199.395, -2.9845, 0, 0, 0, 1, 300, 100, 1),
(58593, 187235, 571, 1, 1, 3414.62, -2778.18, 201.52, -1.0821, 0, 0, 0, 1, 300, 100, 1),
(58631, 187235, 571, 1, 1, 3248.89, -2223.04, 116.83, -1.48353, 0, 0, 0, 1, 300, 100, 1),
(58632, 187235, 571, 1, 1, 3344.21, -2203.41, 119.452, 0.331611, 0, 0, 0, 1, 300, 100, 1),
(58633, 187235, 571, 1, 1, 3352.52, -2221.08, 119.452, 0.401425, 0, 0, 0, 1, 300, 100, 1),
(58634, 187235, 571, 1, 1, 3268.59, -2230.66, 116.83, -2.47837, 0, 0, 0, 1, 300, 100, 1),
(58661, 187235, 571, 1, 1, 3316.35, -2328.83, 111.091, 2.56563, 0, 0, 0, 1, 300, 100, 1),
(58662, 187235, 571, 1, 1, 3308.4, -2221.64, 115.808, -0.733038, 0, 0, 0, 1, 300, 100, 1),
(58675, 187235, 571, 1, 1, 3097.87, -2272.85, 96.2536, -2.79252, 0, 0, 0, 1, 300, 100, 1),
(58676, 187235, 571, 1, 1, 3183.71, -2235.24, 114.863, -2.35619, 0, 0, 0, 1, 300, 100, 1),
(58972, 191341, 571, 1, 1, 3417.7, -2769.29, 200.523, 1.81514, 0, 0, 0, 1, 300, 100, 1),
(59214, 188541, 571, 1, 1, 3400.86, -2811.43, 200.455, -1.85877, 0, 0, 0, 1, 300, 100, 1),
(59316, 188292, 571, 1, 1, 3240.19, -3101.73, 163.639, -2.91469, 0, 0, 0, 1, 300, 100, 1),
(59323, 188293, 571, 1, 1, 3240.19, -3101.74, 162.915, -2.9147, 0, 0, 0, 1, 300, 100, 1),
(59330, 188294, 571, 1, 1, 3240.94, -3100.09, 163.257, -1.0472, 0, 0, 0, 1, 300, 100, 1),
(59345, 189320, 571, 1, 1, 3137.52, -2970.83, 124.577, -2.38237, 0, 0, 0, 1, 300, 100, 1),
(59666, 188317, 571, 1, 1, 3405.6, -2019.84, 134.108, 2.65289, 0, 0, 0, 1, 300, 100, 1),
(59675, 188318, 571, 1, 1, 3407.06, -2017.92, 134.147, -0.759217, 0, 0, 0, 1, 300, 100, 1),
(59705, 188319, 571, 1, 1, 3406.99, -2017.9, 133.297, -0.663223, 0, 0, 0, 1, 300, 100, 1),
(59886, 187567, 571, 1, 1, 3396.49, -2809.56, 207.414, -0.95993, 0, 0, 0, 1, 300, 100, 1),
(59887, 187567, 571, 1, 1, 3431.65, -2776.44, 207.109, 0.610864, 0, 0, 0, 1, 300, 100, 1),
(59888, 187567, 571, 1, 1, 3407.78, -2803.88, 205.844, -1.76278, 0, 0, 0, 1, 300, 100, 1),
(59926, 187567, 571, 1, 1, 3280.34, -2211.23, 127.408, 2.70526, 0, 0, 0, 1, 300, 100, 1),
(59928, 187567, 571, 1, 1, 3422.46, -2783.03, 207.011, -2.47837, 0, 0, 0, 1, 300, 100, 1),
(59954, 187567, 571, 1, 1, 3272.26, -2192.75, 127.429, -1.98967, 0, 0, 0, 1, 300, 100, 1),
(59955, 187567, 571, 1, 1, 3388.07, -2808.05, 207.094, -2.56563, 0, 0, 0, 1, 300, 100, 1),
(59973, 187567, 571, 1, 1, 3270.23, -2299.02, 105.35, 1.0472, 0, 0, 0, 1, 300, 100, 1),
(59974, 187567, 571, 1, 1, 3389.36, -2800.44, 207.451, 2.18166, 0, 0, 0, 1, 300, 100, 1),
(59989, 187567, 571, 1, 1, 3403.19, -2797.13, 217.555, 0.680677, 0, 0, 0, 1, 300, 100, 1),
(60007, 187567, 571, 1, 1, 3253.43, -2199.93, 127.312, -0.349065, 0, 0, 0, 1, 300, 100, 1),
(60209, 179900, 571, 1, 1, 3289.13, -2292.67, 109.525, 1.9635, 0, 0, 0, 1, 300, 100, 1),
(60231, 179900, 571, 1, 1, 3319.39, -2164.45, 153.705, -1.98055, 0, 0, 0, 1, 300, 100, 1),
(60232, 179900, 571, 1, 1, 3229.4, -2209.96, 153.567, -1.96319, 0, 0, 0, 1, 300, 100, 1),
(60233, 179900, 571, 1, 1, 3291.23, -2235.57, 153.545, -1.9635, 0, 0, 0, 1, 300, 100, 1),
(60234, 179900, 571, 1, 1, 3258.6, -2139.46, 153.57, -1.96357, 0, 0, 0, 1, 300, 100, 1),
(60356, 188613, 571, 1, 1, 3307.64, -2228.86, 115.954, -3.03686, 0, 0, 0, 1, 300, 100, 1),
(60402, 188614, 571, 1, 1, 3301.63, -2327.83, 107.617, -3.03687, 0, 0, 0, 1, 300, 100, 1),
(60408, 188615, 571, 1, 1, 3278.57, -2243.94, 114.676, 1.9635, 0, 0, 0, 1, 300, 100, 1),
(60422, 188616, 571, 1, 1, 3298.06, -2258.03, 112.004, -3.03684, 0, 0, 0, 1, 300, 100, 1),
(60427, 188617, 571, 1, 1, 3289.13, -2292.67, 109.525, 1.9635, 0, 0, 0, 1, 300, 100, 1),
(60433, 188618, 571, 1, 1, 3240.61, -2236.58, 115.106, -3.12412, 0, 0, 0, 1, 300, 100, 1),
(60443, 188619, 571, 1, 1, 3212.33, -2254.1, 115.006, 3.07175, 0, 0, 0, 1, 300, 100, 1),
(60453, 188620, 571, 1, 1, 3221.41, -2236.12, 116.364, 3.07173, 0, 0, 0, 1, 300, 100, 1),
(60466, 188621, 571, 1, 1, 3221.32, -2284.76, 107.651, 1.96349, 0, 0, 0, 1, 300, 100, 1),
(60475, 188622, 571, 1, 1, 3423.05, -2761.23, 198.827, 2.72271, 0, 0, 0, 1, 300, 100, 1),
(60506, 188623, 571, 1, 1, 3420.66, -2759.24, 199.238, 1.54462, 0, 0, 0, 1, 300, 100, 1),
(60512, 188624, 571, 1, 1, 3417.53, -2759.07, 199.281, 0.968657, 0, 0, 0, 1, 300, 100, 1),
(60667, 190169, 571, 1, 1, 3353.39, -2555.5, 50.4501, 2.35619, 0, 0, 0, 1, 3600, 100, 1),
(61545, 188665, 571, 1, 1, 3377.11, -2804.01, 199.055, 0, 0, 0, 0, 1, 300, 100, 1),
(61547, 188665, 571, 1, 1, 3390.72, -2863.66, 199.771, 1.13446, 0, 0, 0, 1, 300, 100, 1),
(61549, 188665, 571, 1, 1, 3459.89, -2903.72, 201.021, -1.13446, 0, 0, 0, 1, 300, 100, 1),
(61588, 188666, 571, 1, 1, 3455.77, -2801.78, 202.171, -2.94088, 0, 0, 0, 1, 300, 100, 1),
(61610, 188667, 571, 1, 1, 3432.31, -2779.9, 203.25, -2.91469, 0, 0, 0, 1, 300, 100, 1),
(61667, 188668, 571, 1, 1, 3432.44, -2779.76, 203.226, 0.698132, 0, 0, 0, 1, 300, 100, 1),
(61787, 188670, 571, 1, 1, 3442.39, -2653.89, 78.6828, 2.32129, 0, 0, 0, 1, 300, 100, 1),
(61791, 188670, 571, 1, 1, 3453.22, -2663.57, 78.1837, -2.63544, 0, 0, 0, 1, 300, 100, 1),
(61792, 188670, 571, 1, 1, 3456.42, -2635.57, 80.6225, -1.95477, 0, 0, 0, 1, 300, 100, 1),
(62351, 142142, 0, 1, 1, 3052.8, -2893.76, 109.784, 2.3911, 0, 0, 0, 1, 2700, 100, 1),
(63701, 176587, 0, 1, 1, 3120.71, -3058.46, 133.354, 3.12412, 0, 0, 0, 1, 2700, 100, 1),
(64213, 192050, 571, 1, 1, 3339.15, -2655.23, 49.2578, -2.3911, 0, 0, 0, 1, 180, 100, 1),
(64217, 192050, 571, 1, 1, 3401.09, -2660.95, 49.2578, -1.50098, 0, 0, 0, 1, 180, 100, 1),
(64222, 192050, 571, 1, 1, 3427.09, -2630.17, 49.2578, 2.60053, 0, 0, 0, 1, 180, 100, 1),
(64224, 192050, 571, 1, 1, 3125.22, -2512.35, 49.2578, -2.75761, 0, 0, 0, 1, 180, 100, 1),
(64226, 192050, 571, 1, 1, 3217.97, -2593.38, 49.2578, -1.76278, 0, 0, 0, 1, 180, 100, 1),
(64250, 192050, 571, 1, 1, 3074.71, -2487.9, 49.2578, -0.558504, 0, 0, 0, 1, 180, 100, 1),
(65754, 181120, 533, 3, 1, 3339.16, -3100.64, 296.813, 3.14159, 0, 0, 1, 0, 180, 0, 1),
(65755, 181121, 533, 3, 1, 3421.86, -3017.51, 295.615, 3.14159, 0, 0, 1, 0, 180, 0, 1),
(67068, 195253, 571, 1, 1, 3404.85, -2779.62, 207.374, 2.21656, 0, 0, 0, 1, 180, 255, 1),
(67121, 195255, 571, 1, 1, 3431.32, -2776.56, 215.758, 0.645772, 0, 0, 0, 1, 180, 255, 1),
(67346, 195255, 571, 1, 1, 3207.17, -2204.59, 142.3, -1.02974, 0, 0, 0, 1, 180, 255, 1),
(67355, 195255, 571, 1, 1, 3191.5, -2233.64, 117.811, -1.58825, 0, 0, 0, 1, 180, 255, 1),
(67359, 195255, 571, 1, 1, 3187.29, -2198.18, 141.946, -2.46091, 0, 0, 0, 1, 180, 255, 1),
(67366, 195255, 571, 1, 1, 3193.72, -2178.35, 141.741, 2.07694, 0, 0, 0, 1, 180, 255, 1),
(80112, 195256, 571, 1, 1, 3097.87, -2272.85, 96.2536, -2.79252, 0, 0, 0, 1, 180, 255, 1),
(80113, 195256, 571, 1, 1, 3428.66, -2766.98, 200.368, 2.25147, 0, 0, 0, 1, 180, 255, 1),
(80114, 195256, 571, 1, 1, 3414.62, -2778.18, 201.52, -1.0821, 0, 0, 0, 1, 180, 255, 1),
(80179, 195256, 571, 1, 1, 3441.72, -2747.26, 199.389, -1.48353, 0, 0, 0, 1, 180, 255, 1),
(80217, 195256, 571, 1, 1, 3452.2, -2755.47, 199.395, -2.9845, 0, 0, 0, 1, 180, 255, 1),
(80282, 195256, 571, 1, 1, 3183.71, -2235.24, 114.863, -2.35619, 0, 0, 0, 1, 180, 255, 1),
(80283, 195256, 571, 1, 1, 3093.77, -2252.84, 97.0537, -2.79252, 0, 0, 0, 1, 180, 255, 1),
(80331, 195257, 571, 1, 1, 3410.07, -2779.7, 203.976, -0.95993, 0, 0, 0, 1, 180, 255, 1),
(80338, 195257, 571, 1, 1, 3404.74, -2783.64, 203.944, -0.750491, 0, 0, 0, 1, 180, 255, 1),
(80392, 195259, 571, 1, 1, 3096.86, -2049.75, 86.2544, -0.034906, 0, 0, 0, 1, 180, 255, 1),
(80399, 195259, 571, 1, 1, 3095.98, -2049.74, 86.2311, 3.08918, 0, 0, 0, 1, 180, 255, 1),
(80593, 195260, 571, 1, 1, 3411.44, -2783.84, 202.933, -0.925024, 0, 0, 0, 1, 180, 255, 1),
(80608, 195260, 571, 1, 1, 3421.06, -2770.74, 201.404, -0.942477, 0, 0, 0, 1, 180, 255, 1),
(80609, 195260, 571, 1, 1, 3408.68, -2785.9, 202.984, -0.95993, 0, 0, 0, 1, 180, 255, 1),
(80788, 195264, 571, 1, 1, 3412.48, -2783.08, 202.997, -2.70526, 0, 0, 0, 1, 180, 255, 1),
(80792, 195264, 571, 1, 1, 3407.59, -2786.69, 202.997, -0.645772, 0, 0, 0, 1, 180, 255, 1),
(80793, 195264, 571, 1, 1, 3424.17, -2769.67, 201.419, 0.942477, 0, 0, 0, 1, 180, 255, 1),
(80953, 195266, 571, 1, 1, 3431.65, -2776.44, 207.109, 0.610864, 0, 0, 0, 1, 180, 255, 1),
(80954, 195266, 571, 1, 1, 3388.07, -2808.05, 207.094, -2.56563, 0, 0, 0, 1, 180, 255, 1),
(80955, 195266, 571, 1, 1, 3389.36, -2800.44, 207.451, 2.18166, 0, 0, 0, 1, 180, 255, 1),
(80967, 195266, 571, 1, 1, 3422.46, -2783.03, 207.011, -2.47837, 0, 0, 0, 1, 180, 255, 1),
(80981, 195266, 571, 1, 1, 3403.19, -2797.13, 217.555, 0.680677, 0, 0, 0, 1, 180, 255, 1),
(81130, 180523, 571, 1, 1, 3402.78, -2788.15, 201.521, 1.67551, 0, 0, 0, 1, 180, 255, 1);
