DELETE FROM quest_template WHERE entry IN (500001, 500002, 500003, 500004, 500005, 500006, 500007);
insert into `quest_template` (`entry`, `Method`, `ZoneOrSort`, `SkillOrClassMask`, `MinLevel`, `MaxLevel`, `QuestLevel`, `Type`, `RequiredRaces`, `RequiredSkillValue`, `RepObjectiveFaction`, `RepObjectiveValue`, `RepObjectiveFaction2`, `RepObjectiveValue2`, `RequiredMinRepFaction`, `RequiredMinRepValue`, `RequiredMaxRepFaction`, `RequiredMaxRepValue`, `SuggestedPlayers`, `LimitTime`, `QuestFlags`, `SpecialFlags`, `CharTitleId`, `PlayersSlain`, `BonusTalents`, `RewardArenaPoints`, `PrevQuestId`, `NextQuestId`, `ExclusiveGroup`, `NextQuestInChain`, `RewXPId`, `SrcItemId`, `SrcItemCount`, `SrcSpell`, `Title`, `Details`, `Objectives`, `OfferRewardText`, `RequestItemsText`, `EndText`, `CompletedText`, `ObjectiveText1`, `ObjectiveText2`, `ObjectiveText3`, `ObjectiveText4`, `ReqItemId1`, `ReqItemId2`, `ReqItemId3`, `ReqItemId4`, `ReqItemId5`, `ReqItemId6`, `ReqItemCount1`, `ReqItemCount2`, `ReqItemCount3`, `ReqItemCount4`, `ReqItemCount5`, `ReqItemCount6`, `ReqSourceId1`, `ReqSourceId2`, `ReqSourceId3`, `ReqSourceId4`, `ReqSourceCount1`, `ReqSourceCount2`, `ReqSourceCount3`, `ReqSourceCount4`, `ReqCreatureOrGOId1`, `ReqCreatureOrGOId2`, `ReqCreatureOrGOId3`, `ReqCreatureOrGOId4`, `ReqCreatureOrGOCount1`, `ReqCreatureOrGOCount2`, `ReqCreatureOrGOCount3`, `ReqCreatureOrGOCount4`, `ReqSpellCast1`, `ReqSpellCast2`, `ReqSpellCast3`, `ReqSpellCast4`, `RewChoiceItemId1`, `RewChoiceItemId2`, `RewChoiceItemId3`, `RewChoiceItemId4`, `RewChoiceItemId5`, `RewChoiceItemId6`, `RewChoiceItemCount1`, `RewChoiceItemCount2`, `RewChoiceItemCount3`, `RewChoiceItemCount4`, `RewChoiceItemCount5`, `RewChoiceItemCount6`, `RewItemId1`, `RewItemId2`, `RewItemId3`, `RewItemId4`, `RewItemCount1`, `RewItemCount2`, `RewItemCount3`, `RewItemCount4`, `RewRepFaction1`, `RewRepFaction2`, `RewRepFaction3`, `RewRepFaction4`, `RewRepFaction5`, `RewRepValueId1`, `RewRepValueId2`, `RewRepValueId3`, `RewRepValueId4`, `RewRepValueId5`, `RewRepValue1`, `RewRepValue2`, `RewRepValue3`, `RewRepValue4`, `RewRepValue5`, `RewHonorAddition`, `RewHonorMultiplier`, `unk0`, `RewOrReqMoney`, `RewMoneyMaxLevel`, `RewSpell`, `RewSpellCast`, `RewMailTemplateId`, `RewMailDelaySecs`, `PointMapId`, `PointX`, `PointY`, `PointOpt`, `DetailsEmote1`, `DetailsEmote2`, `DetailsEmote3`, `DetailsEmote4`, `DetailsEmoteDelay1`, `DetailsEmoteDelay2`, `DetailsEmoteDelay3`, `DetailsEmoteDelay4`, `IncompleteEmote`, `CompleteEmote`, `OfferRewardEmote1`, `OfferRewardEmote2`, `OfferRewardEmote3`, `OfferRewardEmote4`, `OfferRewardEmoteDelay1`, `OfferRewardEmoteDelay2`, `OfferRewardEmoteDelay3`, `OfferRewardEmoteDelay4`, `StartScript`, `CompleteScript`, `WDBVerified`) values('500001','2','4395','0','80','0','80','0','0','0','0','0','0','0','0','0','0','0','0','0','0','0','0','0','0','0','0','0','0','0','0','0','0','0','Blazing Hippogryph','Questo grifone è un rarissimo esemplare, e non credere che te lo darò gratis. Ha un costo molto elevato.','Dammi 20 Emblem of Triumph, 5 Runed Orb, uccidi Anub\'arak(ToC)(Normal) e dammi 15000 pezzi d\'oro.','Ottimo! Ecco quello che ti ho promesso! ','Hai portato quello che ti ho chiesto?','','','','','','','47241','45087','0','0','0','0','20','5','0','0','0','0','0','0','0','0','0','0','0','0','34564','0','0','0','1','0','0','0','0','0','0','0','54069','0','0','0','0','0','0','0','0','0','0','0','0','0','0','0','0','0','0','0','0','0','0','0','0','0','0','0','0','0','0','0','0','0','0','0','0','0','-150000000','0','0','0','0','0','0','0','0','0','0','0','0','0','0','0','0','0','0','0','0','0','0','0','0','0','0','0','0','0','0');
insert into `quest_template` (`entry`, `Method`, `ZoneOrSort`, `SkillOrClassMask`, `MinLevel`, `MaxLevel`, `QuestLevel`, `Type`, `RequiredRaces`, `RequiredSkillValue`, `RepObjectiveFaction`, `RepObjectiveValue`, `RepObjectiveFaction2`, `RepObjectiveValue2`, `RequiredMinRepFaction`, `RequiredMinRepValue`, `RequiredMaxRepFaction`, `RequiredMaxRepValue`, `SuggestedPlayers`, `LimitTime`, `QuestFlags`, `SpecialFlags`, `CharTitleId`, `PlayersSlain`, `BonusTalents`, `RewardArenaPoints`, `PrevQuestId`, `NextQuestId`, `ExclusiveGroup`, `NextQuestInChain`, `RewXPId`, `SrcItemId`, `SrcItemCount`, `SrcSpell`, `Title`, `Details`, `Objectives`, `OfferRewardText`, `RequestItemsText`, `EndText`, `CompletedText`, `ObjectiveText1`, `ObjectiveText2`, `ObjectiveText3`, `ObjectiveText4`, `ReqItemId1`, `ReqItemId2`, `ReqItemId3`, `ReqItemId4`, `ReqItemId5`, `ReqItemId6`, `ReqItemCount1`, `ReqItemCount2`, `ReqItemCount3`, `ReqItemCount4`, `ReqItemCount5`, `ReqItemCount6`, `ReqSourceId1`, `ReqSourceId2`, `ReqSourceId3`, `ReqSourceId4`, `ReqSourceCount1`, `ReqSourceCount2`, `ReqSourceCount3`, `ReqSourceCount4`, `ReqCreatureOrGOId1`, `ReqCreatureOrGOId2`, `ReqCreatureOrGOId3`, `ReqCreatureOrGOId4`, `ReqCreatureOrGOCount1`, `ReqCreatureOrGOCount2`, `ReqCreatureOrGOCount3`, `ReqCreatureOrGOCount4`, `ReqSpellCast1`, `ReqSpellCast2`, `ReqSpellCast3`, `ReqSpellCast4`, `RewChoiceItemId1`, `RewChoiceItemId2`, `RewChoiceItemId3`, `RewChoiceItemId4`, `RewChoiceItemId5`, `RewChoiceItemId6`, `RewChoiceItemCount1`, `RewChoiceItemCount2`, `RewChoiceItemCount3`, `RewChoiceItemCount4`, `RewChoiceItemCount5`, `RewChoiceItemCount6`, `RewItemId1`, `RewItemId2`, `RewItemId3`, `RewItemId4`, `RewItemCount1`, `RewItemCount2`, `RewItemCount3`, `RewItemCount4`, `RewRepFaction1`, `RewRepFaction2`, `RewRepFaction3`, `RewRepFaction4`, `RewRepFaction5`, `RewRepValueId1`, `RewRepValueId2`, `RewRepValueId3`, `RewRepValueId4`, `RewRepValueId5`, `RewRepValue1`, `RewRepValue2`, `RewRepValue3`, `RewRepValue4`, `RewRepValue5`, `RewHonorAddition`, `RewHonorMultiplier`, `unk0`, `RewOrReqMoney`, `RewMoneyMaxLevel`, `RewSpell`, `RewSpellCast`, `RewMailTemplateId`, `RewMailDelaySecs`, `PointMapId`, `PointX`, `PointY`, `PointOpt`, `DetailsEmote1`, `DetailsEmote2`, `DetailsEmote3`, `DetailsEmote4`, `DetailsEmoteDelay1`, `DetailsEmoteDelay2`, `DetailsEmoteDelay3`, `DetailsEmoteDelay4`, `IncompleteEmote`, `CompleteEmote`, `OfferRewardEmote1`, `OfferRewardEmote2`, `OfferRewardEmote3`, `OfferRewardEmote4`, `OfferRewardEmoteDelay1`, `OfferRewardEmoteDelay2`, `OfferRewardEmoteDelay3`, `OfferRewardEmoteDelay4`, `StartScript`, `CompleteScript`, `WDBVerified`) values('500002','2','4395','0','80','0','80','0','0','0','0','0','0','0','0','0','0','0','0','0','0','0','0','0','0','0','0','0','0','0','0','0','0','0','X-53 Touring Rocket','Con questo andrai veloce come un razzo! Ma non è facile costruirlo, per vari motivi. Innanzi tutto, Kel\'Thuzad mi impedisce di reperire alcuni materiali. Toglimelo di mezzo! Poi, mi servono alcuni... \"ingredienti\". Sarai capace di portarmeli?','Dammi 20 Emblem of Triumph, 5 Runed Orb, uccidi Kel\'Thuzad (Normal) e dammi 30000 pezzi d\'oro.','Ottimo! Ecco quello che ti ho promesso! ','Hai portato quello che ti ho chiesto?','','','','','','','47241','45087','0','0','0','0','20','5','0','0','0','0','0','0','0','0','0','0','0','0','15990','0','0','0','1','0','0','0','0','0','0','0','54860','0','0','0','0','0','0','0','0','0','0','0','0','0','0','0','10','0','0','0','0','0','0','0','0','0','0','0','0','0','0','0','0','0','0','0','0','0','-150000000','0','0','0','0','0','0','0','0','0','0','0','0','0','0','0','0','0','0','0','0','0','0','0','0','0','0','0','0','0','0');
insert into `quest_template` (`entry`, `Method`, `ZoneOrSort`, `SkillOrClassMask`, `MinLevel`, `MaxLevel`, `QuestLevel`, `Type`, `RequiredRaces`, `RequiredSkillValue`, `RepObjectiveFaction`, `RepObjectiveValue`, `RepObjectiveFaction2`, `RepObjectiveValue2`, `RequiredMinRepFaction`, `RequiredMinRepValue`, `RequiredMaxRepFaction`, `RequiredMaxRepValue`, `SuggestedPlayers`, `LimitTime`, `QuestFlags`, `SpecialFlags`, `CharTitleId`, `PlayersSlain`, `BonusTalents`, `RewardArenaPoints`, `PrevQuestId`, `NextQuestId`, `ExclusiveGroup`, `NextQuestInChain`, `RewXPId`, `SrcItemId`, `SrcItemCount`, `SrcSpell`, `Title`, `Details`, `Objectives`, `OfferRewardText`, `RequestItemsText`, `EndText`, `CompletedText`, `ObjectiveText1`, `ObjectiveText2`, `ObjectiveText3`, `ObjectiveText4`, `ReqItemId1`, `ReqItemId2`, `ReqItemId3`, `ReqItemId4`, `ReqItemId5`, `ReqItemId6`, `ReqItemCount1`, `ReqItemCount2`, `ReqItemCount3`, `ReqItemCount4`, `ReqItemCount5`, `ReqItemCount6`, `ReqSourceId1`, `ReqSourceId2`, `ReqSourceId3`, `ReqSourceId4`, `ReqSourceCount1`, `ReqSourceCount2`, `ReqSourceCount3`, `ReqSourceCount4`, `ReqCreatureOrGOId1`, `ReqCreatureOrGOId2`, `ReqCreatureOrGOId3`, `ReqCreatureOrGOId4`, `ReqCreatureOrGOCount1`, `ReqCreatureOrGOCount2`, `ReqCreatureOrGOCount3`, `ReqCreatureOrGOCount4`, `ReqSpellCast1`, `ReqSpellCast2`, `ReqSpellCast3`, `ReqSpellCast4`, `RewChoiceItemId1`, `RewChoiceItemId2`, `RewChoiceItemId3`, `RewChoiceItemId4`, `RewChoiceItemId5`, `RewChoiceItemId6`, `RewChoiceItemCount1`, `RewChoiceItemCount2`, `RewChoiceItemCount3`, `RewChoiceItemCount4`, `RewChoiceItemCount5`, `RewChoiceItemCount6`, `RewItemId1`, `RewItemId2`, `RewItemId3`, `RewItemId4`, `RewItemCount1`, `RewItemCount2`, `RewItemCount3`, `RewItemCount4`, `RewRepFaction1`, `RewRepFaction2`, `RewRepFaction3`, `RewRepFaction4`, `RewRepFaction5`, `RewRepValueId1`, `RewRepValueId2`, `RewRepValueId3`, `RewRepValueId4`, `RewRepValueId5`, `RewRepValue1`, `RewRepValue2`, `RewRepValue3`, `RewRepValue4`, `RewRepValue5`, `RewHonorAddition`, `RewHonorMultiplier`, `unk0`, `RewOrReqMoney`, `RewMoneyMaxLevel`, `RewSpell`, `RewSpellCast`, `RewMailTemplateId`, `RewMailDelaySecs`, `PointMapId`, `PointX`, `PointY`, `PointOpt`, `DetailsEmote1`, `DetailsEmote2`, `DetailsEmote3`, `DetailsEmote4`, `DetailsEmoteDelay1`, `DetailsEmoteDelay2`, `DetailsEmoteDelay3`, `DetailsEmoteDelay4`, `IncompleteEmote`, `CompleteEmote`, `OfferRewardEmote1`, `OfferRewardEmote2`, `OfferRewardEmote3`, `OfferRewardEmote4`, `OfferRewardEmoteDelay1`, `OfferRewardEmoteDelay2`, `OfferRewardEmoteDelay3`, `OfferRewardEmoteDelay4`, `StartScript`, `CompleteScript`, `WDBVerified`) values('500003','2','4395','0','80','0','80','0','0','0','0','0','0','0','0','0','0','0','0','0','0','0','0','0','0','0','0','0','0','0','0','0','0','0','Magic Rooster Egg','Sono disposto a darti questo uovo a 15.000 goldi, ma per schiuderlo devi portarmi necessariamente alcuni ingredienti','Dammi 20 Emblem of Triumph, 5 Runed Orb, Uccidi Razorscale e dammi 15000 pezzi d\'oro.','Ottimo! Ecco quello che ti ho promesso! ','Hai portato quello che ti ho chiesto?','','','','','','','47241','45087','0','0','0','0','20','5','0','0','0','0','0','0','0','0','0','0','0','0','33186','0','0','0','1','0','0','0','0','0','0','0','49290','0','0','0','0','0','0','0','0','0','0','0','0','0','0','0','0','0','0','0','0','0','0','0','0','0','0','0','0','0','0','0','0','0','0','0','0','0','-150000000','0','0','0','0','0','0','0','0','0','0','0','0','0','0','0','0','0','0','0','0','0','0','0','0','0','0','0','0','0','0');
insert into `quest_template` (`entry`, `Method`, `ZoneOrSort`, `SkillOrClassMask`, `MinLevel`, `MaxLevel`, `QuestLevel`, `Type`, `RequiredRaces`, `RequiredSkillValue`, `RepObjectiveFaction`, `RepObjectiveValue`, `RepObjectiveFaction2`, `RepObjectiveValue2`, `RequiredMinRepFaction`, `RequiredMinRepValue`, `RequiredMaxRepFaction`, `RequiredMaxRepValue`, `SuggestedPlayers`, `LimitTime`, `QuestFlags`, `SpecialFlags`, `CharTitleId`, `PlayersSlain`, `BonusTalents`, `RewardArenaPoints`, `PrevQuestId`, `NextQuestId`, `ExclusiveGroup`, `NextQuestInChain`, `RewXPId`, `SrcItemId`, `SrcItemCount`, `SrcSpell`, `Title`, `Details`, `Objectives`, `OfferRewardText`, `RequestItemsText`, `EndText`, `CompletedText`, `ObjectiveText1`, `ObjectiveText2`, `ObjectiveText3`, `ObjectiveText4`, `ReqItemId1`, `ReqItemId2`, `ReqItemId3`, `ReqItemId4`, `ReqItemId5`, `ReqItemId6`, `ReqItemCount1`, `ReqItemCount2`, `ReqItemCount3`, `ReqItemCount4`, `ReqItemCount5`, `ReqItemCount6`, `ReqSourceId1`, `ReqSourceId2`, `ReqSourceId3`, `ReqSourceId4`, `ReqSourceCount1`, `ReqSourceCount2`, `ReqSourceCount3`, `ReqSourceCount4`, `ReqCreatureOrGOId1`, `ReqCreatureOrGOId2`, `ReqCreatureOrGOId3`, `ReqCreatureOrGOId4`, `ReqCreatureOrGOCount1`, `ReqCreatureOrGOCount2`, `ReqCreatureOrGOCount3`, `ReqCreatureOrGOCount4`, `ReqSpellCast1`, `ReqSpellCast2`, `ReqSpellCast3`, `ReqSpellCast4`, `RewChoiceItemId1`, `RewChoiceItemId2`, `RewChoiceItemId3`, `RewChoiceItemId4`, `RewChoiceItemId5`, `RewChoiceItemId6`, `RewChoiceItemCount1`, `RewChoiceItemCount2`, `RewChoiceItemCount3`, `RewChoiceItemCount4`, `RewChoiceItemCount5`, `RewChoiceItemCount6`, `RewItemId1`, `RewItemId2`, `RewItemId3`, `RewItemId4`, `RewItemCount1`, `RewItemCount2`, `RewItemCount3`, `RewItemCount4`, `RewRepFaction1`, `RewRepFaction2`, `RewRepFaction3`, `RewRepFaction4`, `RewRepFaction5`, `RewRepValueId1`, `RewRepValueId2`, `RewRepValueId3`, `RewRepValueId4`, `RewRepValueId5`, `RewRepValue1`, `RewRepValue2`, `RewRepValue3`, `RewRepValue4`, `RewRepValue5`, `RewHonorAddition`, `RewHonorMultiplier`, `unk0`, `RewOrReqMoney`, `RewMoneyMaxLevel`, `RewSpell`, `RewSpellCast`, `RewMailTemplateId`, `RewMailDelaySecs`, `PointMapId`, `PointX`, `PointY`, `PointOpt`, `DetailsEmote1`, `DetailsEmote2`, `DetailsEmote3`, `DetailsEmote4`, `DetailsEmoteDelay1`, `DetailsEmoteDelay2`, `DetailsEmoteDelay3`, `DetailsEmoteDelay4`, `IncompleteEmote`, `CompleteEmote`, `OfferRewardEmote1`, `OfferRewardEmote2`, `OfferRewardEmote3`, `OfferRewardEmote4`, `OfferRewardEmoteDelay1`, `OfferRewardEmoteDelay2`, `OfferRewardEmoteDelay3`, `OfferRewardEmoteDelay4`, `StartScript`, `CompleteScript`, `WDBVerified`) values('500004','2','4395','0','80','0','80','0','0','0','0','0','0','0','0','0','0','0','0','0','0','0','0','0','0','0','0','0','0','0','0','0','0','0','Great Brewfest Kodo','Sono molto affezionato a questo Kodo, ma sono disposto a cedertelo. Ovviamente, ha un costo...','Dammi 20 Emblem of Triumph, 5 Runed Orb, uccidi Sartharion (Normal) e dammi 15000 pezzi d\'oro','Ottimo! Ecco quello che ti ho promesso! ','Hai portato quello che ti ho chiesto?','','','','','','','47241','45087','0','0','0','0','20','5','0','0','0','0','0','0','0','0','0','0','0','0','28860','0','0','0','1','0','0','0','0','0','0','0','37828','0','0','0','0','0','0','0','0','0','0','0','0','0','0','0','0','0','0','0','0','0','0','0','0','0','0','0','0','0','0','0','0','0','0','0','0','0','-150000000','0','0','0','0','0','0','0','0','0','0','0','0','0','0','0','0','0','0','0','0','0','0','0','0','0','0','0','0','0','0');
insert into `quest_template` (`entry`, `Method`, `ZoneOrSort`, `SkillOrClassMask`, `MinLevel`, `MaxLevel`, `QuestLevel`, `Type`, `RequiredRaces`, `RequiredSkillValue`, `RepObjectiveFaction`, `RepObjectiveValue`, `RepObjectiveFaction2`, `RepObjectiveValue2`, `RequiredMinRepFaction`, `RequiredMinRepValue`, `RequiredMaxRepFaction`, `RequiredMaxRepValue`, `SuggestedPlayers`, `LimitTime`, `QuestFlags`, `SpecialFlags`, `CharTitleId`, `PlayersSlain`, `BonusTalents`, `RewardArenaPoints`, `PrevQuestId`, `NextQuestId`, `ExclusiveGroup`, `NextQuestInChain`, `RewXPId`, `SrcItemId`, `SrcItemCount`, `SrcSpell`, `Title`, `Details`, `Objectives`, `OfferRewardText`, `RequestItemsText`, `EndText`, `CompletedText`, `ObjectiveText1`, `ObjectiveText2`, `ObjectiveText3`, `ObjectiveText4`, `ReqItemId1`, `ReqItemId2`, `ReqItemId3`, `ReqItemId4`, `ReqItemId5`, `ReqItemId6`, `ReqItemCount1`, `ReqItemCount2`, `ReqItemCount3`, `ReqItemCount4`, `ReqItemCount5`, `ReqItemCount6`, `ReqSourceId1`, `ReqSourceId2`, `ReqSourceId3`, `ReqSourceId4`, `ReqSourceCount1`, `ReqSourceCount2`, `ReqSourceCount3`, `ReqSourceCount4`, `ReqCreatureOrGOId1`, `ReqCreatureOrGOId2`, `ReqCreatureOrGOId3`, `ReqCreatureOrGOId4`, `ReqCreatureOrGOCount1`, `ReqCreatureOrGOCount2`, `ReqCreatureOrGOCount3`, `ReqCreatureOrGOCount4`, `ReqSpellCast1`, `ReqSpellCast2`, `ReqSpellCast3`, `ReqSpellCast4`, `RewChoiceItemId1`, `RewChoiceItemId2`, `RewChoiceItemId3`, `RewChoiceItemId4`, `RewChoiceItemId5`, `RewChoiceItemId6`, `RewChoiceItemCount1`, `RewChoiceItemCount2`, `RewChoiceItemCount3`, `RewChoiceItemCount4`, `RewChoiceItemCount5`, `RewChoiceItemCount6`, `RewItemId1`, `RewItemId2`, `RewItemId3`, `RewItemId4`, `RewItemCount1`, `RewItemCount2`, `RewItemCount3`, `RewItemCount4`, `RewRepFaction1`, `RewRepFaction2`, `RewRepFaction3`, `RewRepFaction4`, `RewRepFaction5`, `RewRepValueId1`, `RewRepValueId2`, `RewRepValueId3`, `RewRepValueId4`, `RewRepValueId5`, `RewRepValue1`, `RewRepValue2`, `RewRepValue3`, `RewRepValue4`, `RewRepValue5`, `RewHonorAddition`, `RewHonorMultiplier`, `unk0`, `RewOrReqMoney`, `RewMoneyMaxLevel`, `RewSpell`, `RewSpellCast`, `RewMailTemplateId`, `RewMailDelaySecs`, `PointMapId`, `PointX`, `PointY`, `PointOpt`, `DetailsEmote1`, `DetailsEmote2`, `DetailsEmote3`, `DetailsEmote4`, `DetailsEmoteDelay1`, `DetailsEmoteDelay2`, `DetailsEmoteDelay3`, `DetailsEmoteDelay4`, `IncompleteEmote`, `CompleteEmote`, `OfferRewardEmote1`, `OfferRewardEmote2`, `OfferRewardEmote3`, `OfferRewardEmote4`, `OfferRewardEmoteDelay1`, `OfferRewardEmoteDelay2`, `OfferRewardEmoteDelay3`, `OfferRewardEmoteDelay4`, `StartScript`, `CompleteScript`, `WDBVerified`) values('500005','2','4395','0','80','0','80','0','0','0','0','0','0','0','0','0','0','0','0','0','0','0','0','0','0','0','0','0','0','0','0','0','0','0','Celestial Steed','Questo cavallo celestiale è semplicemente rarissimo e indomabile! Non vorrai sperare che te lo dia gratis vero?','Dammi 20 Emblem of Triumph, 5 Runed Orb, uccidi Mimiron (Normal) e dammi 15000 pezzi d\'oro','Ottimo! Ecco quello che ti ho promesso! ','Hai portato quello che ti ho chiesto?','','','','','','','47241','45087','0','0','0','0','20','5','0','0','0','0','0','0','0','0','0','0','0','0','33350','0','0','0','1','0','0','0','0','0','0','0','54811','0','0','0','0','0','0','0','0','0','0','0','0','0','0','0','0','0','0','0','0','0','0','0','0','0','0','0','0','0','0','0','0','0','0','0','0','0','-150000000','0','0','0','0','0','0','0','0','0','0','0','0','0','0','0','0','0','0','0','0','0','0','0','0','0','0','0','0','0','0');
insert into `quest_template` (`entry`, `Method`, `ZoneOrSort`, `SkillOrClassMask`, `MinLevel`, `MaxLevel`, `QuestLevel`, `Type`, `RequiredRaces`, `RequiredSkillValue`, `RepObjectiveFaction`, `RepObjectiveValue`, `RepObjectiveFaction2`, `RepObjectiveValue2`, `RequiredMinRepFaction`, `RequiredMinRepValue`, `RequiredMaxRepFaction`, `RequiredMaxRepValue`, `SuggestedPlayers`, `LimitTime`, `QuestFlags`, `SpecialFlags`, `CharTitleId`, `PlayersSlain`, `BonusTalents`, `RewardArenaPoints`, `PrevQuestId`, `NextQuestId`, `ExclusiveGroup`, `NextQuestInChain`, `RewXPId`, `SrcItemId`, `SrcItemCount`, `SrcSpell`, `Title`, `Details`, `Objectives`, `OfferRewardText`, `RequestItemsText`, `EndText`, `CompletedText`, `ObjectiveText1`, `ObjectiveText2`, `ObjectiveText3`, `ObjectiveText4`, `ReqItemId1`, `ReqItemId2`, `ReqItemId3`, `ReqItemId4`, `ReqItemId5`, `ReqItemId6`, `ReqItemCount1`, `ReqItemCount2`, `ReqItemCount3`, `ReqItemCount4`, `ReqItemCount5`, `ReqItemCount6`, `ReqSourceId1`, `ReqSourceId2`, `ReqSourceId3`, `ReqSourceId4`, `ReqSourceCount1`, `ReqSourceCount2`, `ReqSourceCount3`, `ReqSourceCount4`, `ReqCreatureOrGOId1`, `ReqCreatureOrGOId2`, `ReqCreatureOrGOId3`, `ReqCreatureOrGOId4`, `ReqCreatureOrGOCount1`, `ReqCreatureOrGOCount2`, `ReqCreatureOrGOCount3`, `ReqCreatureOrGOCount4`, `ReqSpellCast1`, `ReqSpellCast2`, `ReqSpellCast3`, `ReqSpellCast4`, `RewChoiceItemId1`, `RewChoiceItemId2`, `RewChoiceItemId3`, `RewChoiceItemId4`, `RewChoiceItemId5`, `RewChoiceItemId6`, `RewChoiceItemCount1`, `RewChoiceItemCount2`, `RewChoiceItemCount3`, `RewChoiceItemCount4`, `RewChoiceItemCount5`, `RewChoiceItemCount6`, `RewItemId1`, `RewItemId2`, `RewItemId3`, `RewItemId4`, `RewItemCount1`, `RewItemCount2`, `RewItemCount3`, `RewItemCount4`, `RewRepFaction1`, `RewRepFaction2`, `RewRepFaction3`, `RewRepFaction4`, `RewRepFaction5`, `RewRepValueId1`, `RewRepValueId2`, `RewRepValueId3`, `RewRepValueId4`, `RewRepValueId5`, `RewRepValue1`, `RewRepValue2`, `RewRepValue3`, `RewRepValue4`, `RewRepValue5`, `RewHonorAddition`, `RewHonorMultiplier`, `unk0`, `RewOrReqMoney`, `RewMoneyMaxLevel`, `RewSpell`, `RewSpellCast`, `RewMailTemplateId`, `RewMailDelaySecs`, `PointMapId`, `PointX`, `PointY`, `PointOpt`, `DetailsEmote1`, `DetailsEmote2`, `DetailsEmote3`, `DetailsEmote4`, `DetailsEmoteDelay1`, `DetailsEmoteDelay2`, `DetailsEmoteDelay3`, `DetailsEmoteDelay4`, `IncompleteEmote`, `CompleteEmote`, `OfferRewardEmote1`, `OfferRewardEmote2`, `OfferRewardEmote3`, `OfferRewardEmote4`, `OfferRewardEmoteDelay1`, `OfferRewardEmoteDelay2`, `OfferRewardEmoteDelay3`, `OfferRewardEmoteDelay4`, `StartScript`, `CompleteScript`, `WDBVerified`) values('500006','2','4395','0','80','0','80','0','0','0','0','0','0','0','0','0','0','0','0','0','0','0','0','0','0','0','0','0','0','0','0','0','0','0','Wooly White Rhino','Questo è il più bel kodo che ho! Lo vuoi?','Dammi 20 Emblem of Triumph, 5 Runed ORb, uccidi Ignis The Furnace Master (Normal) e dammi 15000 pezzi d\'oro','Ottimo! Ecco quello che ti ho promesso! ','Hai portato quello che ti ho chiesto?','','','','','','','47241','45087','0','0','0','0','20','5','0','0','0','0','0','0','0','0','0','0','0','0','33118','0','0','0','1','0','0','0','0','0','0','0','54068','0','0','0','0','0','0','0','0','0','0','0','0','0','0','0','0','0','0','0','0','0','0','0','0','0','0','0','0','0','0','0','0','0','0','0','0','0','-150000000','0','0','0','0','0','0','0','0','0','0','0','0','0','0','0','0','0','0','0','0','0','0','0','0','0','0','0','0','0','0');

DELETE FROM creature_template WHERE entry = 500000;
insert into `creature_template` (`entry`, `difficulty_entry_1`, `difficulty_entry_2`, `difficulty_entry_3`, `KillCredit1`, `KillCredit2`, `modelid1`, `modelid2`, `modelid3`, `modelid4`, `name`, `subname`, `IconName`, `gossip_menu_id`, `minlevel`, `maxlevel`, `exp`, `faction_A`, `faction_H`, `npcflag`, `speed_walk`, `speed_run`, `scale`, `rank`, `mindmg`, `maxdmg`, `dmgschool`, `attackpower`, `dmg_multiplier`, `baseattacktime`, `rangeattacktime`, `unit_class`, `unit_flags`, `dynamicflags`, `family`, `trainer_type`, `trainer_spell`, `trainer_class`, `trainer_race`, `minrangedmg`, `maxrangedmg`, `rangedattackpower`, `type`, `type_flags`, `lootid`, `pickpocketloot`, `skinloot`, `resistance1`, `resistance2`, `resistance3`, `resistance4`, `resistance5`, `resistance6`, `spell1`, `spell2`, `spell3`, `spell4`, `spell5`, `spell6`, `spell7`, `spell8`, `PetSpellDataId`, `VehicleId`, `mingold`, `maxgold`, `AIName`, `MovementType`, `InhabitType`, `Health_mod`, `Mana_mod`, `Armor_mod`, `RacialLeader`, `questItem1`, `questItem2`, `questItem3`, `questItem4`, `questItem5`, `questItem6`, `movementId`, `RegenHealth`, `equipment_id`, `mechanic_immune_mask`, `flags_extra`, `ScriptName`, `WDBVerified`) values('500000','0','0','0','0','0','23761','0','0','0','Spacciatore','Wanted from Staff','','0','80','80','2','35','35','3','1.1','1.14286','1','0','252','357','0','304','1','2000','0','1','768','8','0','0','0','0','0','215','320','44','7','0','0','0','0','0','0','0','0','0','0','0','0','0','0','0','0','0','0','0','0','0','0','','0','1','1','1','1','0','0','0','0','0','0','0','0','1','0','0','0','','1');

DELETE FROM creature_involvedrelation WHERE id = 500000;
insert into `creature_involvedrelation` (`id`, `quest`) values('500000','500001');
insert into `creature_involvedrelation` (`id`, `quest`) values('500000','500002');
insert into `creature_involvedrelation` (`id`, `quest`) values('500000','500003');
insert into `creature_involvedrelation` (`id`, `quest`) values('500000','500004');
insert into `creature_involvedrelation` (`id`, `quest`) values('500000','500005');
insert into `creature_involvedrelation` (`id`, `quest`) values('500000','500006');

DELETE FROM creature_questrelation WHERE id = 500000;
insert into `creature_questrelation` (`id`, `quest`) values('500000','500001');
insert into `creature_questrelation` (`id`, `quest`) values('500000','500002');
insert into `creature_questrelation` (`id`, `quest`) values('500000','500003');
insert into `creature_questrelation` (`id`, `quest`) values('500000','500004');
insert into `creature_questrelation` (`id`, `quest`) values('500000','500005');
insert into `creature_questrelation` (`id`, `quest`) values('500000','500006');


