-- Daily Heroic Quest ... BC

delete from game_event where entry in (100,101,102,103,104,105,106,107,108,109,110,111,112,113,114,115);
insert into game_event 
(entry, start_time, end_time, occurence, length, description, world_event)
values
(111, '2008-11-01 05:00:00', '2020-12-30 23:00:00', 23040 , 1440, 'Daily Heroic Underbog', 0),
(113, '2008-11-02 05:00:00', '2020-12-30 23:00:00', 23040 , 1440, 'Daily Heroic Botanica', 0),
(112, '2008-11-03 05:00:00', '2020-12-30 23:00:00', 23040 , 1440, 'Daily Heroic BlackMorass', 0),
(114, '2008-11-04 05:00:00', '2020-12-30 23:00:00', 23040 , 1440, 'Daily Heroic ShatteredHalls', 0),
(107, '2008-11-05 05:00:00', '2020-12-30 23:00:00', 23040 , 1440, 'Daily Heroic BloodFurnace', 0),
(105, '2008-11-06 05:00:00', '2020-12-30 23:00:00', 23040 , 1440, 'Daily Heroic ShadowLabyrinth', 0),
(101, '2008-11-07 05:00:00', '2020-12-30 23:00:00', 23040 , 1440, 'Daily Heroic HellfireRamparts', 0),
(108, '2008-11-08 05:00:00', '2020-12-30 23:00:00', 23040 , 1440, 'Daily Heroic Mechanar', 0),
(102, '2008-11-09 05:00:00', '2020-12-30 23:00:00', 23040 , 1440, 'Daily Heroic Mana-Tombs', 0),
(103, '2008-11-10 05:00:00', '2020-12-30 23:00:00', 23040 , 1440, 'Daily Heroic OldHillsbrad', 0),
(100, '2008-11-11 05:00:00', '2020-12-30 23:00:00', 23040 , 1440, 'Daily Heroic AuchenaiCrypts', 0),
(104, '2008-11-12 05:00:00', '2020-12-30 23:00:00', 23040 , 1440, 'Daily Heroic SethekkHalls', 0),
(109, '2008-11-13 05:00:00', '2020-12-30 23:00:00', 23040 , 1440, 'Daily Heroic SlavePens', 0),
(106, '2008-11-14 05:00:00', '2020-12-30 23:00:00', 23040 , 1440, 'Daily Heroic Arcatraz', 0),
(115, '2008-11-15 05:00:00', '2020-12-30 23:00:00', 23040 , 1440, 'Daily Heroic MagistersTerrace', 0),
(110, '2008-11-16 05:00:00', '2020-12-30 23:00:00', 23040 , 1440, 'Daily Heroic Steamvault', 0);

DELETE FROM `creature_questrelation` WHERE id = 24369;
DELETE FROM game_event_creature_quest WHERE id = 24369;
INSERT INTO game_event_creature_quest 
(id, quest, event)
VALUES
(24369, 11369, 111),
(24369, 11384, 113),
(24369, 11382, 112),
(24369, 11363, 114),
(24369, 11362, 107),
(24369, 11375, 105),
(24369, 11354, 101),
(24369, 11386, 108),
(24369, 11373, 102),
(24369, 11378, 103),
(24369, 11374, 100),
(24369, 11372, 104),
(24369, 11368, 109),
(24369, 11388, 106),
(24369, 11499, 115),
(24369, 11370, 110);

DELETE FROM `creature` WHERE id IN (24420,24431,24428,24414,24413,24425,24410,24433,24423,24427,24424,24422,24419,24435,24855,24421);
INSERT INTO `creature` 
(`guid`, `id`, `map`, `spawnMask`, `modelid`, `equipment_id`, `position_x`, `position_y`, `position_z`, `orientation`, `spawntimesecs`, `spawndist`, `currentwaypoint`, `curhealth`, `curmana`, `DeathState`, `MovementType`) 
VALUES
(1010010, 24420, 530, 1, 0, 0, -1801.67, 5144.32, -39.3797, 2.19344, 25, 0, 1, 1, 0, 0, 0),
(1010020, 24431, 530, 1, 0, 0, -1801.67, 5144.32, -39.3797, 2.19344, 25, 0, 1, 1, 0, 0, 0),
(1010030, 24428, 530, 1, 0, 0, -1801.67, 5144.32, -39.3797, 2.19344, 25, 0, 1, 1, 0, 0, 0),
(1010040, 24414, 530, 1, 0, 0, -1801.67, 5144.32, -39.3797, 2.19344, 25, 0, 1, 1, 0, 0, 0),
(1010050, 24413, 530, 1, 0, 0, -1801.67, 5144.32, -39.3797, 2.19344, 25, 0, 1, 1, 0, 0, 0),
(1010060, 24425, 530, 1, 0, 0, -1801.67, 5144.32, -39.3797, 2.19344, 25, 0, 1, 1, 0, 0, 0),
(1010070, 24410, 530, 1, 0, 0, -1801.67, 5144.32, -39.3797, 2.19344, 25, 0, 1, 1, 0, 0, 0),
(1010080, 24433, 530, 1, 0, 0, -1801.67, 5144.32, -39.3797, 2.19344, 25, 0, 1, 1, 0, 0, 0),
(1010090, 24423, 530, 1, 0, 0, -1801.67, 5144.32, -39.3797, 2.19344, 25, 0, 1, 1, 0, 0, 0),
(1010100, 24427, 530, 1, 0, 0, -1801.67, 5144.32, -39.3797, 2.19344, 25, 0, 1, 1, 0, 0, 0),
(1010110, 24424, 530, 1, 0, 0, -1801.67, 5144.32, -39.3797, 2.19344, 25, 0, 1, 1, 0, 0, 0),
(1010120, 24422, 530, 1, 0, 0, -1801.67, 5144.32, -39.3797, 2.19344, 25, 0, 1, 1, 0, 0, 0),
(1010130, 24419, 530, 1, 0, 0, -1801.67, 5144.32, -39.3797, 2.19344, 25, 0, 1, 1, 0, 0, 0),
(1010140, 24435, 530, 1, 0, 0, -1801.67, 5144.32, -39.3797, 2.19344, 25, 0, 1, 1, 0, 0, 0),
(1010150, 24855, 530, 1, 0, 0, -1801.67, 5144.32, -39.3797, 2.19344, 25, 0, 1, 1, 0, 0, 0),
(1010160, 24421, 530, 1, 0, 0, -1801.67, 5144.32, -39.3797, 2.19344, 25, 0, 1, 1, 0, 0, 0);

DELETE FROM game_event_creature WHERE event IN (100,101,102,103,104,105,106,107,108,109,110,111,112,113,114,115);
INSERT INTO game_event_creature 
(guid, event)
VALUES
(1010010, 111),
(1010020, 113),
(1010030, 112),
(1010040, 114),
(1010050, 107),
(1010060, 105),
(1010070, 101),
(1010080, 108),
(1010090, 102),
(1010100, 103),
(1010110, 100),
(1010120, 104),
(1010130, 109),
(1010140, 106),
(1010150, 115),
(1010160, 110);

UPDATE quest_template SET ExclusiveGroup = 11369 WHERE entry IN (11369, 11384, 11382, 11363, 11362, 11375, 11354, 11386, 11373, 11378, 11374, 11372, 11368, 11388, 11499, 11370);

-- Daily Normal Quest ... BC

DELETE FROM game_event WHERE entry IN (116,117,118,119,120,121,122,123);
INSERT INTO game_event 
(entry, start_time, end_time, occurence, LENGTH, description, world_event)
VALUES
(121, '2008-11-01 05:00:00', '2020-12-30 23:00:00', 11520 , 1440, 'Daily Arcatraz', 0),
(116, '2008-11-16 05:00:00', '2020-12-30 23:00:00', 11520 , 1440, 'Daily Steamvault', 0),
(122, '2008-11-01 05:00:00', '2020-12-30 23:00:00', 11520 , 1440, 'Daily Shadow Labyrinth', 0),
(120, '2008-11-16 05:00:00', '2020-12-30 23:00:00', 11520 , 1440, 'Daily Black Morass', 0),
(117, '2008-11-01 05:00:00', '2020-12-30 23:00:00', 11520 , 1440, 'Daily Shattered Halls', 0),
(123, '2008-11-16 05:00:00', '2020-12-30 23:00:00', 11520 , 1440, 'Daily Magisters Terrace', 0),
(119, '2008-11-01 05:00:00', '2020-12-30 23:00:00', 11520 , 1440, 'Daily Botanica', 0),
(118, '2008-11-16 05:00:00', '2020-12-30 23:00:00', 11520 , 1440, 'Daily Mechanar', 0);


DELETE FROM `creature_questrelation` WHERE id = 24370;
DELETE FROM game_event_creature_quest WHERE id = 24370;
INSERT INTO game_event_creature_quest 
(id, quest, event)
VALUES
(24370, 11389, 121),
(24370, 11371, 116),
(24370, 11376, 122),
(24370, 11383, 120),
(24370, 11364, 117),
(24370, 11500, 123),
(24370, 11385, 119),
(24370, 11387, 118);

DELETE FROM `creature` WHERE id IN (24434,24415,24426,24429,24411,24854,24430,24432);
INSERT INTO `creature` 
(`guid`, `id`, `map`, `spawnMask`, `modelid`, `equipment_id`, `position_x`, `position_y`, `position_z`, `orientation`, `spawntimesecs`, `spawndist`, `currentwaypoint`, `curhealth`, `curmana`, `DeathState`, `MovementType`) 
VALUES
(1010210, 24434, 530, 1, 0, 0, -1787.00, 5158.15, -39.3797, 2.32460, 25, 0, 1, 1, 0, 0, 0),
(1010220, 24415, 530, 1, 0, 0, -1787.00, 5158.15, -39.3797, 2.32460, 25, 0, 1, 1, 0, 0, 0),
(1010230, 24426, 530, 1, 0, 0, -1787.00, 5158.15, -39.3797, 2.32460, 25, 0, 1, 1, 0, 0, 0),
(1010240, 24429, 530, 1, 0, 0, -1787.00, 5158.15, -39.3797, 2.32460, 25, 0, 1, 1, 0, 0, 0),
(1010250, 24411, 530, 1, 0, 0, -1787.00, 5158.15, -39.3797, 2.32460, 25, 0, 1, 1, 0, 0, 0),
(1010260, 24854, 530, 1, 0, 0, -1787.00, 5158.15, -39.3797, 2.32460, 25, 0, 1, 1, 0, 0, 0),
(1010270, 24430, 530, 1, 0, 0, -1787.00, 5158.15, -39.3797, 2.32460, 25, 0, 1, 1, 0, 0, 0),
(1010280, 24432, 530, 1, 0, 0, -1787.00, 5158.15, -39.3797, 2.32460, 25, 0, 1, 1, 0, 0, 0);

DELETE FROM game_event_creature WHERE event IN (116,117,118,119,120,121,122,123);
INSERT INTO game_event_creature 
(guid, event)
VALUES
(1010210, 121),
(1010220, 116),
(1010230, 122),
(1010240, 120),
(1010250, 117),
(1010260, 123),
(1010270, 119),
(1010280, 118);

UPDATE quest_template SET ExclusiveGroup = 11389 WHERE entry IN (11389,11371 ,11376 ,11383 ,11364 ,11500 ,11385 ,11387 );