-- Start Update for Event: "Noblegarden" --


-- Adding event "Noblegarden"(ID: 9) if not exist --
-- REPLACE INTO `game_event` VALUES (9, '2010-4-4 08:01:00', '2020-12-31 06:00:00', 524160, 1440, 181, 'Noblegarden', 0);

-- Adding Gameobjects --
INSERT INTO `gameobject` VALUES 
 ( 930270, 113768, 0, 1,1,-8740.98, -210.571, 88.5109, 0.256118, 0, 0, 0.127709, 0.991812, 300, 0, 1),
 ( 930271, 113768, 0, 1,1,-8770.34, -290.484, 76.8368, 0.0833302, 0, 0, 0.041653, 0.999132, 300, 0, 1),
 ( 930272, 113768, 0, 1,1,-8868.42, -206.693, 80.7953, 4.8507, 0, 0, 0.656555, -0.754278, 300, 0, 1),
 ( 930273, 113768, 0, 1,1,-9062.86, -166.822, 75.9275, 0.778411, 0, 0, 0.379453, 0.925211, 300, 0, 1),
 ( 930274, 113768, 0, 1,1,-8934.55, -38.1854, 92.5173, 2.85972, 0, 0, 0.990085, 0.140472, 300, 0, 1),
 ( 930275, 113768, 0, 1,1,-9024, -56.1293, 89.1733, 0.542787, 0, 0, 0.268074, 0.963398, 300, 0, 1),
 ( 930276, 113768, 0, 1,1,-9169.96, 20.7353, 78.8071, 0.98653, 0, 0, 0.473504, 0.880792, 300, 0, 1),
 ( 930277, 113768, 0, 1,1,-9213.24, 92.7862, 76.0609, 3.98283, 0, 0, 0.912836, -0.408326, 300, 0, 1),
 ( 930278, 113768, 0, 1,1,-9051.96, 147.851, 114.916, 0.570271, 0, 0, 0.281287, 0.959624, 300, 0, 1),
 ( 930279, 113768, 0, 1,1,-9106.79, 223.176, 104.011, 0.0244288, 0, 0, 0.0122141, 0.999925, 300, 0, 1),
 ( 930280, 113768, 0, 1,1,-9162.03, 481.139, 105.621, 3.72758, 0, 0, 0.957383, -0.288821, 300, 0, 1),
 ( 930281, 113768, 0, 1,1,-9286.65, 516.504, 83.3471, 0.71166, 0, 0, 0.348368, 0.937358, 300, 0, 1),
 ( 930282, 113768, 0, 1,1,-9360.05, 393.251, 51.6595, 4.1792, 0, 0, 0.868414, -0.49584, 300, 0, 1),
 ( 930283, 113768, 0, 1,1,-9511.98, 292.886, 52.2154, 3.58622, 0, 0, 0.97539, -0.220488, 300, 0, 1),
 ( 930284, 113768, 0, 1,1,-9626.25, 332.568, 44.3556, 4.13993, 0, 0, 0.877981, -0.478696, 300, 0, 1),
 ( 930285, 113768, 0, 1,1,-9557.12, 541.325, 50.0858, 2.29032, 0, 0, 0.910775, 0.412902, 300, 0, 1),
 ( 930286, 113768, 0, 1,1,-9518.37, 591.799, 51.9064, 3.98678, 0, 0, 0.912029, -0.410125, 300, 0, 1),
 ( 930287, 113768, 0, 1,1,-9502.81, 787.135, 48.6796, 2.68694, 0, 0, 0.974273, 0.225373, 300, 0, 1),
 ( 930288, 113768, 0, 1,1,-9586.1, 613.895, 41.5637, 5.07847, 0, 0, 0.566585, -0.824003, 300, 0, 1),
 ( 930289, 113768, 0, 1,1,-9662.15, 753.545, 34.643, 1.38318, 0, 0, 0.637761, 0.770234, 300, 0, 1),
 ( 930290, 113768, 0, 1,1,-9969.04, 613.024, 39.1281, 3.42521, 0, 0, 0.989962, -0.141335, 300, 0, 1),
 ( 930291, 113768, 0, 1,1,-10082.6, 634.999, 39.2542, 4.79966, 0, 0, 0.675589, -0.737279, 300, 0, 1),
 ( 930292, 113768, 0, 1,1,-10038.1, 525.444, 28.2419, 5.41227, 0, 0, 0.421825, -0.906677, 300, 0, 1),
 ( 930293, 113768, 0, 1,1,-9887.22, 556.018, 36.529, 1.68163, 0, 0, 0.745186, 0.666857, 300, 0, 1),
 ( 930294, 113768, 0, 1,1,-9742.61, 538.015, 32.9876, 4.52084, 0, 0, 0.771487, -0.636246, 300, 0, 1),
 ( 930295, 113768, 0, 1,1,-9872.1, 443.903, 37.09, 2.361, 0, 0, 0.924795, 0.380465, 300, 0, 1),
 ( 930296, 113768, 0, 1,1,-9932.46, 419.048, 34.8558, 4.7329, 0, 0, 0.699818, -0.714321, 300, 0, 1),
 ( 930297, 113768, 0, 1,1,-9785.01, 327.525, 40.8188, 1.51276, 0, 0, 0.686293, 0.727325, 300, 0, 1),
 ( 930298, 113768, 0, 1,1,-9732.12, 209.88, 49.8875, 4.67792, 0, 0, 0.719189, -0.694815, 300, 0, 1),
 ( 930299, 113768, 0, 1,1,-9616.2, 179.975, 46.4027, 5.77747, 0, 0, 0.250171, -0.968202, 300, 0, 1),
 ( 930300, 113768, 0, 1,1,-9531.17, 155.821, 59.7831, 5.35336, 0, 0, 0.448344, -0.893861, 300, 0, 1),
 ( 930301, 113768, 0, 1,1,-9798.25, 37.3137, 33.7433, 1.5756, 0, 0, 0.708804, 0.705406, 300, 0, 1),
 ( 930302, 113768, 0, 1,1,-9896.16, -94.2293, 29.024, 5.17665, 0, 0, 0.525469, -0.850813, 300, 0, 1),
 ( 930303, 113768, 0, 1,1,-9735.83, -147.895, 36.8621, 5.58506, 0, 0, 0.342016, -0.939694, 300, 0, 1),
 ( 930304, 113768, 0, 1,1,-9307.93, -118.782, 65.7717, 4.31272, 0, 0, 0.833401, -0.552668, 300, 0, 1),
 ( 930305, 113768, 0, 1,1,-9342.99, -269.351, 68.1659, 4.37555, 0, 0, 0.815631, -0.578573, 300, 0, 1),
 ( 930306, 113768, 0, 1,1,-9467.5, -357.783, 60.1495, 2.7537, 0, 0, 0.981252, 0.192731, 300, 0, 1),
 ( 930307, 113768, 0, 1,1,-9449.98, -547.917, 65.8894, 5.87173, 0, 0, 0.20428, -0.978913, 300, 0, 1),
 ( 930308, 113768, 0, 1,1,-9353.88, -645.819, 68.5993, 6.26442, 0, 0, 0.00938059, -0.999956, 300, 0, 1),
 ( 930309, 113768, 0, 1,1,-9216.98, -556.687, 75.1503, 4.56404, 0, 0, 0.757565, -0.65276, 300, 0, 1),
 ( 930310, 113768, 0, 1,1,-9180.14, -651.419, 65.3164, 5.94241, 0, 0, 0.169567, -0.985519, 300, 0, 1),
 ( 930311, 113768, 0, 1,1,-9190.71, -714.81, 68.9589, 4.95673, 0, 0, 0.615662, -0.78801, 300, 0, 1),
 ( 930312, 113768, 0, 1,1,-9387.89, -698.43, 67.6978, 3.11498, 0, 0, 0.999911, 0.0133068, 300, 0, 1),
 ( 930313, 113768, 0, 1,1,-9510.47, -598.439, 64.1033, 3.54302, 0, 0, 0.979924, -0.199371, 300, 0, 1),
 ( 930314, 113768, 0, 1,1,-9575.98, -737.32, 63.2416, 5.87172, 0, 0, 0.204287, -0.978911, 300, 0, 1),
 ( 930315, 113768, 0, 1,1,-9282.08, -780.331, 64.8066, 0.0715506, 0, 0, 0.0357677, 0.99936, 300, 0, 1),
 ( 930316, 113768, 0, 1,1,-9275.32, -802.865, 67.2327, 4.83499, 0, 0, 0.662458, -0.749099, 300, 0, 1),
 ( 930317, 113768, 0, 1,1,-9115.81, -829.91, 70.223, 2.97359, 0, 0, 0.996474, 0.0839019, 300, 0, 1),
 ( 930318, 113768, 0, 1,1,-9000.03, -780.415, 72.3329, 1.66983, 0, 0, 0.741238, 0.671242, 300, 0, 1),
 ( 930319, 113768, 0, 1,1,-8972.18, -755.079, 73.6736, 0.0833221, 0, 0, 0.041649, 0.999132, 300, 0, 1),
 ( 930320, 113768, 0, 1,1,-8995.01, -685.314, 85.4108, 0.888355, 0, 0, 0.429716, 0.902964, 300, 0, 1),
 ( 930321, 113768, 0, 1,1,-8901.81, -706.102, 70.3878, 0.487802, 0, 0, 0.24149, 0.970403, 300, 0, 1),
 ( 930322, 113768, 0, 1,1,-8848, -695.011, 80.1787, 1.63055, 0, 0, 0.727915, 0.685667, 300, 0, 1),
 ( 930323, 113768, 0, 1,1,-8843.43, -754.365, 70.2281, 5.56932, 0, 0, 0.349401, -0.936973, 300, 0, 1),
 ( 930324, 113768, 0, 1,1,-8793.47, -725.937, 93.249, 1.62662, 0, 0, 0.726566, 0.687096, 300, 0, 1),
 ( 930325, 113768, 0, 1,1,-8769.29, -814.046, 88.2709, 4.10063, 0, 0, 0.887216, -0.461354, 300, 0, 1),
 ( 930326, 113768, 0, 1,1,-8766.67, -914.273, 79.5553, 5.95024, 0, 0, 0.165703, -0.986176, 300, 0, 1),
 ( 930327, 113768, 0, 1,1,-8817.39, -1000.14, 74.7427, 4.52868, 0, 0, 0.768986, -0.639265, 300, 0, 1),
 ( 930328, 113768, 0, 1,1,-8716.44, -1041.89, 96.8796, 6.02093, 0, 0, 0.130751, -0.991415, 300, 0, 1),
 ( 930329, 113768, 0, 1,1,-8855.47, -1108.75, 76.0791, 0.856935, 0, 0, 0.415477, 0.909604, 300, 0, 1),
 ( 930330, 113768, 0, 1,1,-8873.05, -1162.8, 77.4349, 3.57441, 0, 0, 0.976675, -0.214724, 300, 0, 1),
 ( 930331, 113768, 0, 1,1,-9009.35, -1257.92, 76.6294, 3.52336, 0, 0, 0.981837, -0.189725, 300, 0, 1),
 ( 930332, 113768, 0, 1,1,-9185.22, -1255.4, 75.8508, 2.98143, 0, 0, 0.996795, 0.0799953, 300, 0, 1),
 ( 930333, 113768, 0, 1,1,-9166.79, -1110.7, 71.542, 1.64625, 0, 0, 0.733275, 0.679932, 300, 0, 1),
 ( 930334, 113768, 0, 1,1,-9169.69, -972.039, 69.4178, 1.66196, 0, 0, 0.738593, 0.674152, 300, 0, 1),
 ( 930335, 113768, 0, 1,1,-9044.13, -1086.78, 72.8505, 4.15167, 0, 0, 0.875155, -0.483843, 300, 0, 1),
 ( 930336, 113768, 0, 1,1,-9309.42, -1142.38, 70.1763, 3.82966, 0, 0, 0.941402, -0.337287, 300, 0, 1),
 ( 930337, 113768, 0, 1,1,-9342.21, -1380.48, 64.5837, 5.12949, 0, 0, 0.545384, -0.838186, 300, 0, 1),
 ( 930338, 113768, 0, 1,1,-9260.73, -1391.94, 80.9854, 1.44205, 0, 0, 0.660156, 0.751129, 300, 0, 1),
 ( 930339, 113768, 0, 1,1,-9367.11, -1378.75, 58.6295, 3.71971, 0, 0, 0.958513, -0.285049, 300, 0, 1),
 ( 930340, 113768, 0, 1,1,-9492.76, -1525.96, 62.7676, 5.0706, 0, 0, 0.569827, -0.821765, 300, 0, 1),
 ( 930341, 113768, 0, 1,1,-9570.72, -1434.68, 57.833, 1.69731, 0, 0, 0.750393, 0.660992, 300, 0, 1),
 ( 930342, 113768, 0, 1,1,-9432.57, -1335.52, 49.6738, 6.06805, 0, 0, 0.10736, -0.99422, 300, 0, 1),
 ( 930343, 113768, 0, 1,1,-9457.8, -1254.11, 45.0482, 0.758757, 0, 0, 0.370343, 0.928895, 300, 0, 1),
 ( 930344, 113768, 0, 1,1,-9510.76, -1223.3, 46.2885, 4.58757, 0, 0, 0.749831, -0.66163, 300, 0, 1),
 ( 930345, 113768, 0, 1,1,-9669.49, -1312.93, 49.7036, 2.40809, 0, 0, 0.933498, 0.358583, 300, 0, 1),
 ( 930346, 113768, 0, 1,1,-9775.43, -1256.36, 44.7112, 1.35566, 0, 0, 0.627104, 0.778936, 300, 0, 1),
 ( 930347, 113768, 0, 1,1,-9858.07, -1442.76, 35.078, 5.1884, 0, 0, 0.520461, -0.853885, 300, 0, 1),
 ( 930348, 113768, 0, 1,1,-9792.04, -1568.53, 39.6659, 5.85599, 0, 0, 0.211979, -0.977274, 300, 0, 1),
 ( 930349, 113768, 0, 1,1,-9778.98, -1430.87, 61.5513, 3.00892, 0, 0, 0.997801, 0.0662884, 300, 0, 1),
 ( 930350, 113768, 0, 1,1,-9931.81, -1307.06, 28.0092, 1.26926, 0, 0, 0.59288, 0.805291, 300, 0, 1),
 ( 930351, 113768, 0, 1,1,-9875.5, -1211.61, 30.6518, 1.39885, 0, 0, 0.643779, 0.765211, 300, 0, 1),
 ( 930352, 113768, 0, 1,1,-9926.53, -1108.87, 25.7711, 2.95002, 0, 0, 0.995416, 0.0956423, 300, 0, 1),
 ( 930353, 113768, 0, 1,1,-9850.38, -1008.5, 35.7877, 0.362126, 0, 0, 0.180075, 0.983653, 300, 0, 1),
 ( 930354, 113768, 0, 1,1,-9758.97, -999.752, 40.5966, 0.303216, 0, 0, 0.151028, 0.98853, 300, 0, 1),
 ( 930355, 113768, 0, 1,1,-9629.03, -907.118, 49.6602, 2.34918, 0, 0, 0.922531, 0.385923, 300, 0, 1),
 ( 930356, 113768, 0, 1,1,-9771.81, -870.45, 39.5061, 3.48015, 0, 0, 0.985707, -0.168472, 300, 0, 1),
 ( 930357, 113768, 0, 1,1,-9867.77, -880.83, 34.1048, 1.53236, 0, 0, 0.693389, 0.720563, 300, 0, 1),
 ( 930358, 113768, 0, 1,1,-9833.28, -716.374, 32.4632, 1.71693, 0, 0, 0.756841, 0.653599, 300, 0, 1),
 ( 930359, 113768, 0, 1,1,-9822.76, -600.5, 28.1495, 1.90936, 0, 0, 0.816128, 0.577872, 300, 0, 1),
 ( 930360, 113768, 0, 1,1,-9693.04, -661.202, 47.9089, 2.14497, 0, 0, 0.878391, 0.477943, 300, 0, 1),
 ( 930361, 113768, 0, 1,1,-9685.67, -493.169, 51.0251, 2.07821, 0, 0, 0.861951, 0.506992, 300, 0, 1),
 ( 930362, 113768, 0, 1,1,-9796.51, -371.985, 55.1217, 2.15282, 0, 0, 0.880261, 0.47449, 300, 0, 1),
 ( 930363, 113768, 0, 1,1,-9787.02, -295.533, 46.5707, 1.05327, 0, 0, 0.502625, 0.864504, 300, 0, 1),
 ( 930364, 113768, 0, 1,1,-9938.82, -291.409, 31.1761, 2.16853, 0, 0, 0.88396, 0.467562, 300, 0, 1),
 ( 930365, 113768, 0, 1,1,-9938.3, -116.85, 25.1321, 4.25769, 0, 0, 0.84829, -0.529532, 300, 0, 1),
 ( 930366, 113768, 0, 1,1,-9967.19, -90.0361, 30.9163, 1.40277, 0, 0, 0.645276, 0.76395, 300, 0, 1),
 ( 930367, 113768, 0, 1,1,-9953.96, 50.8892, 33.4952, 2.38844, 0, 0, 0.92993, 0.367737, 300, 0, 1),
 ( 930368, 113768, 0, 1,1,-9959.48, 118.216, 33.0653, 5.67926, 0, 0, 0.297395, -0.954755, 300, 0, 1),
 ( 930369, 113768, 0, 1,1,-9798.67, 166.975, 76.1373, 0.849056, 0, 0, 0.411891, 0.911233, 300, 0, 1),
 ( 930370, 113768, 0, 1,1,-9851.93, 212.896, 39.1603, 2.14104, 0, 0, 0.877449, 0.47967, 300, 0, 1),
 ( 930371, 113768, 0, 1,1,-9930.99, 238.705, 24.6145, 1.40276, 0, 0, 0.645272, 0.763953, 300, 0, 1),
 ( 930372, 113768, 0, 1,1,-9974.91, 365.555, 35.6238, 4.02207, 0, 0, 0.904651, -0.426153, 300, 0, 1),
 ( 930373, 113768, 0, 1,1,-9888.01, 294.86, 35.242, 4.85066, 0, 0, 0.656569, -0.754266, 300, 0, 1),
 ( 930374, 113768, 0, 1,1,-9758.64, 345.263, 43.2111, 0.169689, 0, 0, 0.0847426, 0.996403, 300, 0, 1),
 ( 930375, 113768, 0, 1,1,-9485.06, 441.652, 53.1131, 2.36881, 0, 0, 0.926275, 0.376849, 300, 0, 1),
 ( 930376, 113768, 0, 1,1,-9446.72, 453.573, 55.1324, 1.88186, 0, 0, 0.808106, 0.589037, 300, 0, 1),
 ( 930377, 113768, 1, 1,1,-2267.07, -691.384, -5.79816, 3.94725, 0, 0, 0.919956, -0.392022, 300, 0, 1),
 ( 930378, 113768, 1, 1,1,-2278.73, -943.897, -5.8601, 5.93037, 0, 0, 0.175493, -0.984481, 300, 0, 1),
 ( 930379, 113768, 1, 1,1,-2188.27, -1156.55, 15.7082, 3.20504, 0, 0, 0.999497, -0.0317181, 300, 0, 1),
 ( 930380, 113768, 1, 1,1,-2186.24, -1388.77, 76.1978, 0.0163114, 0, 0, 0.00815561, 0.999967, 300, 0, 1),
 ( 930381, 113768, 1, 1,1,-2456.28, -1480.26, 35.3545, 5.16066, 0, 0, 0.532254, -0.846585, 300, 0, 1),
 ( 930382, 113768, 1, 1,1,-2496.81, -1459.14, 40.2247, 3.07936, 0, 0, 0.999516, 0.0311118, 300, 0, 1),
 ( 930383, 113768, 1, 1,1,-2549.92, -1437.31, 44.8096, 0.0830645, 0, 0, 0.0415203, 0.999138, 300, 0, 1),
 ( 930384, 113768, 1, 1,1,-2735.5, -1460.76, 66.3437, 3.83334, 0, 0, 0.940779, -0.33902, 300, 0, 1),
 ( 930385, 113768, 1, 1,1,-2712.69, -1365.68, 41.77, 0.915587, 0, 0, 0.44197, 0.89703, 300, 0, 1),
 ( 930386, 113768, 1, 1,1,-2644.28, -1329.88, 10.4693, 2.28218, 0, 0, 0.909088, 0.416605, 300, 0, 1),
 ( 930387, 113768, 1, 1,1,-2643.48, -1239.5, 11.327, 2.31752, 0, 0, 0.916307, 0.400476, 300, 0, 1),
 ( 930388, 113768, 1, 1,1,-2711.85, -1179.39, 16.3159, 2.17615, 0, 0, 0.885735, 0.464192, 300, 0, 1),
 ( 930389, 113768, 1, 1,1,-2756.38, -1132.94, 40.3121, 1.73633, 0, 0, 0.763143, 0.64623, 300, 0, 1),
 ( 930390, 113768, 1, 1,1,-2701.28, -1088.52, 8.12405, 1.28079, 0, 0, 0.597514, 0.801859, 300, 0, 1),
 ( 930391, 113768, 1, 1,1,-2485.05, -921.263, -4.45058, 2.45104, 0, 0, 0.940982, 0.338458, 300, 0, 1),
 ( 930392, 113768, 1, 1,1,-2557.82, -818.152, -0.346627, 2.30181, 0, 0, 0.913134, 0.40766, 300, 0, 1),
 ( 930393, 113768, 1, 1,1,-2816.18, -750.557, 21.9645, 3.1736, 0, 0, 0.999872, -0.016005, 300, 0, 1),
 ( 930394, 113768, 1, 1,1,-2806.18, -674.972, 21.795, 3.90795, 0, 0, 0.92748, -0.373872, 300, 0, 1),
 ( 930395, 113768, 1, 1,1,-2546.22, -529.917, -4.89065, 1.21796, 0, 0, 0.572032, 0.820231, 300, 0, 1),
 ( 930396, 113768, 1, 1,1,-2678.1, -260.506, 2.95207, 1.8777, 0, 0, 0.806878, 0.590718, 300, 0, 1),
 ( 930397, 113768, 1, 1,1,-2831.34, -5.91944, 37.056, 4.05325, 0, 0, 0.897897, -0.440206, 300, 0, 1),
 ( 930398, 113768, 1, 1,1,-2881.23, 93.348, 88.9924, 5.20779, 0, 0, 0.512161, -0.858889, 300, 0, 1),
 ( 930399, 113768, 1, 1,1,-2915.77, 234.241, 78.7343, 3.31105, 0, 0, 0.996413, -0.084628, 300, 0, 1),
 ( 930400, 113768, 1, 1,1,-2995.39, 375.92, 162.642, 2.65132, 0, 0, 0.970104, 0.24269, 300, 0, 1),
 ( 930401, 113768, 1, 1,1,-3053, 158.71, 76.3587, 4.78368, 0, 0, 0.681457, -0.731858, 300, 0, 1),
 ( 930402, 113768, 1, 1,1,-3116.11, 112.25, 102.467, 1.87378, 0, 0, 0.805721, 0.592295, 300, 0, 1),
 ( 930403, 113768, 1, 1,1,-3165.36, 15.3041, 67.5139, 0.793858, 0, 0, 0.386588, 0.922252, 300, 0, 1),
 ( 930404, 113768, 1, 1,1,-3155.04, -4.84389, 60.8844, 4.87007, 0, 0, 0.649218, -0.760603, 300, 0, 1),
 ( 930405, 113768, 1, 1,1,-3079.92, -87.9594, 55.3197, 4.77583, 0, 0, 0.684325, -0.729177, 300, 0, 1),
 ( 930406, 113768, 1, 1,1,-2929.91, -79.5657, 95.9796, 6.08351, 0, 0, 0.0996712, -0.99502, 300, 0, 1),
 ( 930407, 113768, 1, 1,1,-2934.01, -507.799, 46.8443, 4.66195, 0, 0, 0.724714, -0.689049, 300, 0, 1),
 ( 930408, 113768, 1, 1,1,-2918.75, -826.78, 60.3208, 3.67234, 0, 0, 0.964994, -0.262272, 300, 0, 1),
 ( 930409, 113768, 1, 1,1,-3048.79, -796.735, 57.1475, 3.03224, 0, 0, 0.998506, 0.0546466, 300, 0, 1),
 ( 930410, 113768, 1, 1,1,-3208.55, -717.75, 33.6437, 2.63562, 0, 0, 0.968169, 0.250297, 300, 0, 1),
 ( 930411, 113768, 1, 1,1,-3338.23, -773.326, 51.9607, 3.39746, 0, 0, 0.991828, -0.127584, 300, 0, 1),
 ( 930412, 113768, 1, 1,1,-3541.32, -861.062, 128.839, 3.59381, 0, 0, 0.974546, -0.224186, 300, 0, 1),
 ( 930413, 113768, 1, 1,1,-3503.13, -927.72, 109.98, 4.40277, 0, 0, 0.807681, -0.589619, 300, 0, 1),
 ( 930414, 113768, 1, 1,1,-3346.36, -1028.54, 104.915, 5.12927, 0, 0, 0.545476, -0.838126, 300, 0, 1),
 ( 930415, 113768, 1, 1,1,-3297.85, -1053.31, 120.371, 5.43558, 0, 0, 0.411231, -0.911531, 300, 0, 1),
 ( 930416, 113768, 1, 1,1,-3235.29, -1033.4, 134.05, 0.57396, 0, 0, 0.283057, 0.959103, 300, 0, 1),
 ( 930417, 113768, 1, 1,1,-2593.94, 222.945, 80.8784, 1.05541, 0, 0, 0.503551, 0.863966, 300, 0, 1),
 ( 930418, 113768, 1, 1,1,-2377.02, 263.04, 56.9721, 0.289645, 0, 0, 0.144317, 0.989532, 300, 0, 1),
 ( 930419, 113768, 1, 1,1,-2319.76, 53.7609, 33.8716, 5.93272, 0, 0, 0.174336, -0.984686, 300, 0, 1),
 ( 930420, 113768, 1, 1,1,-2227.48, 244.626, 89.3604, 0.529179, 0, 0, 0.261513, 0.9652, 300, 0, 1),
 ( 930421, 113768, 1, 1,1,-2153.51, 312.948, 116.003, 1.09074, 0, 0, 0.518734, 0.854936, 300, 0, 1),
 ( 930422, 113768, 1, 1,1,-2172.85, 137.035, 52.5044, 4.09096, 0, 0, 0.889437, -0.457059, 300, 0, 1),
 ( 930423, 113768, 1, 1,1,-2193.02, -104.159, -4.6872, 4.88814, 0, 0, 0.642322, -0.766435, 300, 0, 1),
 ( 930424, 113768, 1, 1,1,-2162.1, -333.833, -6.7823, 4.07918, 0, 0, 0.892114, -0.45181, 300, 0, 1),
 ( 930425, 113768, 1, 1,1,-1953.39, -233.968, -6.09779, 5.57536, 0, 0, 0.34657, -0.938024, 300, 0, 1),
 ( 930426, 113768, 1, 1,1,-1889.04, -628.19, 1.21563, 4.12238, 0, 0, 0.882148, -0.470972, 300, 0, 1),
 ( 930427, 113768, 1, 1,1,-1901.75, -955.288, 34.1326, 5.04129, 0, 0, 0.581807, -0.813327, 300, 0, 1),
 ( 930428, 113768, 1, 1,1,-1779.34, -1020.67, 77.2937, 4.25982, 0, 0, 0.847726, -0.530435, 300, 0, 1),
 ( 930429, 113768, 1, 1,1,-1756.89, -1031.08, 120.01, 0.984703, 0, 0, 0.472699, 0.881224, 300, 0, 1),
 ( 930430, 113768, 1, 1,1,-1352.47, -1054.81, 84.0578, 0.619508, 0, 0, 0.304825, 0.952409, 300, 0, 1),
 ( 930431, 113768, 1, 1,1,-1217.11, -1130.59, 40.8617, 5.39081, 0, 0, 0.431531, -0.902098, 300, 0, 1),
 ( 930432, 113768, 1, 1,1,-1078.87, -1182.71, 70.1138, 4.81354, 0, 0, 0.670457, -0.741949, 300, 0, 1),
 ( 930433, 113768, 1, 1,1,-927.712, -1117.44, 70.7328, 0.010828, 0, 0, 0.00541398, 0.999985, 300, 0, 1),
 ( 930434, 113768, 1, 1,1,-937.944, -864.235, 4.89541, 1.18107, 0, 0, 0.556806, 0.830642, 300, 0, 1),
 ( 930435, 113768, 1, 1,1,-1244.24, -575.442, -55.8066, 2.16675, 0, 0, 0.883543, 0.468351, 300, 0, 1),
 ( 930436, 113768, 1, 1,1,-1000.28, -575.315, -55.3383, 1.44419, 0, 0, 0.660959, 0.750422, 300, 0, 1),
 ( 930437, 113768, 1, 1,1,-774.867, -876.63, 34.6226, 5.35548, 0, 0, 0.447398, -0.894335, 300, 0, 1),
 ( 930438, 113768, 1, 1,1,-588.453, -755.73, 57.4557, 1.11826, 0, 0, 0.530448, 0.847718, 300, 0, 1),
 ( 930439, 113768, 1, 1,1,-454.902, -655.541, 51.0899, 1.5463, 0, 0, 0.698393, 0.715714, 300, 0, 1),
 ( 930440, 113768, 1, 1,1,-486.135, -560.258, 51.2517, 1.57772, 0, 0, 0.709549, 0.704656, 300, 0, 1),
 ( 930441, 113768, 1, 1,1,-641.046, -527.891, -3.97551, 2.70869, 0, 0, 0.976666, 0.214765, 300, 0, 1),
 ( 930442, 113768, 1, 1,1,-647.315, -170.865, -7.53093, 2.00969, 0, 0, 0.844078, 0.536221, 300, 0, 1),
 ( 930443, 113768, 1, 1,1,-817.597, 61.5866, -12.974, 2.63408, 0, 0, 0.967976, 0.251043, 300, 0, 1),
 ( 930444, 113768, 530, 1,1,-4321.31, -12543.6, 26.6564, 6.07413, 0, 0, 0.10434, -0.994542, 300, 0, 1),
 ( 930445, 113768, 530, 1,1,-4446.8, -12527.5, 5.91163, 5.75605, 0, 0, 0.260528, -0.965466, 300, 0, 1),
 ( 930446, 113768, 530, 1,1,-4505.69, -12549.2, 5.73995, 2.66943, 0, 0, 0.972262, 0.233893, 300, 0, 1),
 ( 930447, 113768, 530, 1,1,-4586.03, -12623.6, 14.6556, 3.73758, 0, 0, 0.955928, -0.293601, 300, 0, 1),
 ( 930448, 113768, 530, 1,1,-4513.74, -12721.6, 10.3808, 0.28967, 0, 0, 0.144329, 0.98953, 300, 0, 1),
 ( 930449, 113768, 530, 1,1,-4346.75, -12913.5, 7.66011, 5.36727, 0, 0, 0.442116, -0.896958, 300, 0, 1),
 ( 930450, 113768, 530, 1,1,-4532.23, -12915.5, 11.6512, 3.44697, 0, 0, 0.988365, -0.152098, 300, 0, 1),
 ( 930451, 113768, 530, 1,1,-4521.4, -12437.7, 5.6697, 6.24692, 0, 0, 0.0181328, -0.999836, 300, 0, 1),
 ( 930452, 113768, 530, 1,1,-4628.51, -12301.2, 19.8408, 2.05682, 0, 0, 0.856479, 0.516182, 300, 0, 1),
 ( 930453, 113768, 530, 1,1,-4725.82, -12254.4, 9.14644, 2.5202, 0, 0, 0.952122, 0.30572, 300, 0, 1),
 ( 930454, 113768, 530, 1,1,-4755.42, -12146.8, 32.1272, 1.31069, 0, 0, 0.609433, 0.792838, 300, 0, 1),
 ( 930455, 113768, 530, 1,1,-4698.03, -12081.2, 44.3685, 1.09471, 0, 0, 0.520429, 0.853905, 300, 0, 1),
 ( 930456, 113768, 530, 1,1,-4624.43, -12010.5, 37.1762, 1.66019, 0, 0, 0.737996, 0.674805, 300, 0, 1),
 ( 930457, 113768, 530, 1,1,-4587.87, -11963.9, 38.1215, 0.662736, 0, 0, 0.325337, 0.945598, 300, 0, 1),
 ( 930458, 113768, 530, 1,1,-4702.67, -11891.5, 28.3784, 3.15245, 0, 0, 0.999985, -0.00542809, 300, 0, 1),
 ( 930459, 113768, 530, 1,1,-4907.84, -11783.5, 25.3741, 2.4613, 0, 0, 0.942706, 0.333626, 300, 0, 1),
 ( 930460, 113768, 530, 1,1,-4881.88, -11918.1, 22.0698, 5.6186, 0, 0, 0.326212, -0.945297, 300, 0, 1),
 ( 930461, 113768, 530, 1,1,-4872.13, -11938.6, 22.0359, 5.25339, 0, 0, 0.492446, -0.870343, 300, 0, 1),
 ( 930462, 113768, 530, 1,1,-4757.03, -11831.3, 16.4247, 5.68143, 0, 0, 0.296358, -0.955077, 300, 0, 1),
 ( 930463, 113768, 530, 1,1,-4823, -11584.6, 30.7714, 1.81727, 0, 0, 0.788665, 0.614823, 300, 0, 1),
 ( 930464, 113768, 530, 1,1,-4652.86, -11620.2, 23.368, 5.11201, 0, 0, 0.552687, -0.833389, 300, 0, 1),
 ( 930465, 113768, 530, 1,1,-4552.7, -11623.6, 17.7042, 6.14481, 0, 0, 0.0691317, -0.997608, 300, 0, 1),
 ( 930466, 113768, 530, 1,1,-4466.36, -11542.5, 15.7259, 0.753054, 0, 0, 0.367693, 0.929947, 300, 0, 1),
 ( 930467, 113768, 530, 1,1,-4362.27, -11559, 5.86817, 6.16445, 0, 0, 0.0593341, -0.998238, 300, 0, 1),
 ( 930468, 113768, 530, 1,1,-4281.37, -11489.8, 9.20827, 3.91821, 0, 0, 0.925551, -0.378623, 300, 0, 1),
 ( 930469, 113768, 530, 1,1,-4257.77, -11647.8, 6.82324, 4.7468, 0, 0, 0.694835, -0.719169, 300, 0, 1),
 ( 930470, 113768, 530, 1,1,-4244.08, -11758, 9.48211, 4.17347, 0, 0, 0.86983, -0.493351, 300, 0, 1),
 ( 930471, 113768, 530, 1,1,-4335.69, -11830.9, 4.33388, 3.67474, 0, 0, 0.964679, -0.263428, 300, 0, 1),
 ( 930472, 113768, 530, 1,1,-4407.56, -11956.1, 21.366, 4.35804, 0, 0, 0.820665, -0.571409, 300, 0, 1),
 ( 930473, 113768, 530, 1,1,-4370.44, -12011.9, 12.1781, 0.0579749, 0, 0, 0.0289834, 0.99958, 300, 0, 1),
 ( 930474, 113768, 530, 1,1,-4410.87, -12163.7, 6.73383, 5.80316, 0, 0, 0.237716, -0.971335, 300, 0, 1),
 ( 930475, 113768, 530, 1,1,-4280.22, -12235.9, 7.73161, 5.82672, 0, 0, 0.226258, -0.974068, 300, 0, 1),
 ( 930476, 113768, 530, 1,1,-4287.98, -12325.9, 10.0281, 4.02423, 0, 0, 0.904189, -0.427132, 300, 0, 1),
 ( 930477, 113768, 530, 1,1,-4379.11, -12423.6, 15.6955, 4.00852, 0, 0, 0.907515, -0.420019, 300, 0, 1),
 ( 930478, 113768, 530, 1,1,-4124.58, -12349.6, -13.9728, 4.43656, 0, 0, 0.797603, -0.603183, 300, 0, 1),
 ( 930479, 113768, 530, 1,1,-3946.67, -12336.7, 0.231651, 5.32799, 0, 0, 0.459646, -0.888102, 300, 0, 1),
 ( 930480, 113768, 530, 1,1,-3879.31, -12262.6, 2.02567, 1.32246, 0, 0, 0.614087, 0.789238, 300, 0, 1),
 ( 930481, 113768, 530, 1,1,-3807.12, -12301.2, 2.63422, 6.19978, 0, 0, 0.0416906, -0.999131, 300, 0, 1),
 ( 930482, 113768, 530, 1,1,-3777.49, -12328.4, 2.77675, 5.82279, 0, 0, 0.228169, -0.973621, 300, 0, 1),
 ( 930483, 113768, 530, 1,1,-3723.52, -12261.2, 6.02899, 1.43634, 0, 0, 0.658007, 0.753012, 300, 0, 1),
 ( 930484, 113768, 530, 1,1,-3679.45, -12013.5, 7.60472, 1.24392, 0, 0, 0.582628, 0.812739, 300, 0, 1),
 ( 930485, 113768, 530, 1,1,-3526.73, -12047.2, 21.5033, 5.91311, 0, 0, 0.183985, -0.982929, 300, 0, 1),
 ( 930486, 113768, 530, 1,1,-3616.73, -12209.2, 3.0938, 4.2677, 0, 0, 0.845628, -0.533773, 300, 0, 1),
 ( 930487, 113768, 530, 1,1,-3328.73, -12280.3, 31.5382, 6.10553, 0, 0, 0.088711, -0.996057, 300, 0, 1),
 ( 930488, 113768, 530, 1,1,-3395.66, -12423.5, 19.0558, 0.89834, 0, 0, 0.434218, 0.900808, 300, 0, 1),
 ( 930489, 113768, 530, 1,1,-3396.09, -12505.9, 46.4912, 1.13396, 0, 0, 0.537089, 0.843526, 300, 0, 1),
 ( 930490, 113768, 530, 1,1,-3504.71, -12507.6, 22.0595, 2.63408, 0, 0, 0.967976, 0.251044, 300, 0, 1),
 ( 930491, 113768, 530, 1,1,-3698.31, -12518.1, 8.16801, 3.47838, 0, 0, 0.985855, -0.167598, 300, 0, 1),
 ( 930492, 113768, 530, 1,1,-3795.69, -12510.8, 3.14988, 3.3802, 0, 0, 0.992892, -0.119023, 300, 0, 1),
 ( 930493, 113768, 530, 1,1,-3705.6, -12690.5, 6.42388, 0.383905, 0, 0, 0.190776, 0.981634, 300, 0, 1),
 ( 930494, 113768, 530, 1,1,-3582.67, -12794, 2.31477, 3.66295, 0, 0, 0.966216, -0.257735, 300, 0, 1),
 ( 930495, 113768, 530, 1,1,-3359.99, -12791.2, 17.2223, 0.890486, 0, 0, 0.430677, 0.902506, 300, 0, 1),
 ( 930496, 113768, 530, 1,1,-3294.38, -12926.2, 9.12922, 4.75072, 0, 0, 0.693424, -0.72053, 300, 0, 1),
 ( 930497, 113768, 530, 1,1,-2982.84, -12581.5, 10.9885, 0.50957, 0, 0, 0.252037, 0.967717, 300, 0, 1),
 ( 930498, 113768, 530, 1,1,-2993.15, -12444, 15.163, 1.82119, 0, 0, 0.789867, 0.613278, 300, 0, 1),
 ( 930499, 113768, 530, 1,1,-3115.33, -12170, 19.1696, 1.85653, 0, 0, 0.800581, 0.599225, 300, 0, 1),
 ( 930500, 113768, 530, 1,1,-3144.24, -11971.4, 2.84557, 1.70338, 0, 0, 0.752393, 0.658714, 300, 0, 1),
 ( 930501, 113768, 530, 1,1,-3275, -11944.5, 9.46584, 2.97179, 0, 0, 0.996398, 0.0847973, 300, 0, 1),
 ( 930502, 113768, 530, 1,1,-3502.06, -11927.2, 2.4526, 3.16029, 0, 0, 0.999956, -0.00934842, 300, 0, 1),
 ( 930503, 113768, 530, 1,1,-3515, -11776.4, 22.5826, 5.33977, 0, 0, 0.454407, -0.890794, 300, 0, 1),
 ( 930504, 113768, 530, 1,1,-3484.68, -11621.7, 5.80701, 2.19033, 0, 0, 0.889003, 0.457901, 300, 0, 1),
 ( 930505, 113768, 530, 1,1,-3504.16, -11847.3, -1.45561, 4.95101, 0, 0, 0.617916, -0.786244, 300, 0, 1),
 ( 930506, 113768, 530, 1,1,-3806.68, -11872.3, 1.21992, 4.08315, 0, 0, 0.891216, -0.453578, 300, 0, 1),
 ( 930507, 113768, 530, 1,1,-3930.64, -12059.3, -0.986797, 1.33032, 0, 0, 0.617186, 0.786817, 300, 0, 1),
 ( 930508, 113768, 530, 1,1,-4028.31, -12629.2, 51.9825, 4.53082, 0, 0, 0.7683, -0.640089, 300, 0, 1),
 ( 930509, 113768, 530, 1,1,-3916.65, -12755.9, 101.561, 5.61486, 0, 0, 0.327976, -0.944686, 300, 0, 1),
 ( 930510, 113768, 530, 1,1,-4044.52, -12693, 12.9881, 0.91033, 0, 0, 0.439611, 0.898189, 300, 0, 1),
 ( 930511, 113768, 530, 1,1,-3927.73, -12908.5, 5.79744, 5.30856, 0, 0, 0.468254, -0.883594, 300, 0, 1),
 ( 930512, 113768, 530, 1,1,-4105.48, -12922.5, 4.47293, 3.44717, 0, 0, 0.988351, -0.152192, 300, 0, 1),
 ( 930513, 113768, 530, 1,1,-4272.18, -12983.5, 2.45494, 5.95258, 0, 0, 0.16455, -0.986369, 300, 0, 1),
 ( 930514, 113768, 530, 1,1,-4282.49, -13146.6, 46.1459, 3.68671, 0, 0, 0.963085, -0.269198, 300, 0, 1),
 ( 930515, 113768, 530, 1,1,-4339.79, -13331.8, 50.0691, 3.20762, 0, 0, 0.999455, -0.0330091, 300, 0, 1),
 ( 930516, 113768, 530, 1,1,-4417.93, -13344.9, 51.905, 3.09374, 0, 0, 0.999714, 0.0239241, 300, 0, 1),
 ( 930517, 113768, 530, 1,1,-4450.79, -13429.1, 51.9034, 4.26006, 0, 0, 0.847663, -0.530535, 300, 0, 1),
 ( 930518, 113768, 530, 1,1,-4412.55, -13740.2, 53.6024, 5.9997, 0, 0, 0.141267, -0.989972, 300, 0, 1),
 ( 930519, 113768, 530, 1,1,-4355.09, -13791.1, 52.1881, 0.132776, 0, 0, 0.0663395, 0.997797, 300, 0, 1),
 ( 930520, 113768, 530, 1,1,-4115.09, -13803.9, 77.7828, 0.600089, 0, 0, 0.295563, 0.955323, 300, 0, 1),
 ( 930521, 113768, 530, 1,1,-3888.85, -13705.2, 66.9051, 0.847489, 0, 0, 0.411176, 0.911556, 300, 0, 1),
 ( 930522, 113768, 530, 1,1,-3837.93, -13775.3, 91.5641, 6.09002, 0, 0, 0.0964318, -0.99534, 300, 0, 1),
 ( 930523, 113768, 530, 1,1,-3947.24, -13958.7, 99.6725, 2.16696, 0, 0, 0.883592, 0.468258, 300, 0, 1),
 ( 930524, 113768, 530, 1,1,-4104.93, -13967.1, 84.9085, 0.827855, 0, 0, 0.402208, 0.915548, 300, 0, 1),
 ( 930525, 113768, 530, 1,1,-4051.81, -13923, 88.0608, 0.140631, 0, 0, 0.0702576, 0.997529, 300, 0, 1),
 ( 930549, 113768, 1, 1,1,1104.41, -4483.44, 19.4541, 0.81744, 0, 0, 0.397435, 0.91763, 300, 0, 1),
 ( 930664, 113768, 1, 1,1,1233.43, -4506.02, 22.8671, 5.58714, 0, 0, 0.341041, -0.940049, 300, 0, 1),
 ( 930665, 113768, 1, 1,1,1350.43, -4524.85, 32.8789, 5.7992, 0, 0, 0.23964, -0.970862, 300, 0, 1),
 ( 930666, 113768, 1, 1,1,1272.57, -4678.53, 17.3705, 2.66546, 0, 0, 0.971796, 0.235825, 300, 0, 1),
 ( 930667, 113768, 1, 1,1,1299.17, -4735.63, 21.275, 4.46795, 0, 0, 0.78804, -0.615625, 300, 0, 1),
 ( 930668, 113768, 1, 1,1,1488.98, -4794.92, 40.1311, 2.66938, 0, 0, 0.972256, 0.233919, 300, 0, 1),
 ( 930669, 113768, 1, 1,1,1321.22, -4921.19, 9.5394, 3.68647, 0, 0, 0.963117, -0.269081, 300, 0, 1),
 ( 930670, 113768, 1, 1,1,1090.16, -4916.32, 14.0653, 4.15378, 0, 0, 0.874644, -0.484765, 300, 0, 1),
 ( 930671, 113768, 1, 1,1,1029.7, -4989.86, 18.441, 3.70218, 0, 0, 0.960974, -0.276638, 300, 0, 1),
 ( 930672, 113768, 1, 1,1,897.461, -4944.7, 8.82654, 2.17065, 0, 0, 0.884456, 0.466624, 300, 0, 1),
 ( 930673, 113768, 1, 1,1,902.189, -5076.32, 2.1568, 4.73105, 0, 0, 0.700479, -0.713673, 300, 0, 1),
 ( 930674, 113768, 1, 1,1,822.206, -4895.9, 34.1434, 3.12491, 0, 0, 0.999965, 0.00834081, 300, 0, 1),
 ( 930675, 113768, 1, 1,1,803.776, -4834, 37.0925, 1.84078, 0, 0, 0.795839, 0.605508, 300, 0, 1),
 ( 930676, 113768, 1, 1,1,887.387, -4829.05, 16.2982, 5.70495, 0, 0, 0.285108, -0.958495, 300, 0, 1),
 ( 930677, 113768, 1, 1,1,1044.28, -4741.62, 16.9301, 2.1628, 0, 0, 0.882616, 0.470094, 300, 0, 1),
 ( 930678, 113768, 1, 1,1,1098.94, -4704.13, 17.5305, 5.02165, 0, 0, 0.589766, -0.807574, 300, 0, 1),
 ( 930679, 113768, 1, 1,1,1001.31, -4664.77, 31.9779, 1.02397, 0, 0, 0.489907, 0.871775, 300, 0, 1),
 ( 930680, 113768, 1, 1,1,972.409, -4719.24, 29.4569, 5.73635, 0, 0, 0.270021, -0.962854, 300, 0, 1),
 ( 930681, 113768, 1, 1,1,919.724, -4632.01, 19.0502, 0.968986, 0, 0, 0.46576, 0.884911, 300, 0, 1),
 ( 930682, 113768, 1, 1,1,1119.66, -4940.12, 14.7363, 4.06738, 0, 0, 0.894764, -0.44654, 300, 0, 1),
 ( 930683, 113768, 1, 1,1,609.154, -4913.49, 25.3014, 2.88928, 0, 0, 0.992053, 0.125821, 300, 0, 1),
 ( 930684, 113768, 1, 1,1,584.056, -4886.72, 24.8834, 5.09233, 0, 0, 0.560863, -0.827909, 300, 0, 1),
 ( 930708, 113768, 1, 1,1,1280.56, -4314.79, 33.0392, 4.88813, 0, 0, 0.642325, -0.766433, 300, 0, 1),
 ( 930709, 113768, 1, 1,1,1290.56, -4177.34, 25.7213, 2.84217, 0, 0, 0.988814, 0.149153, 300, 0, 1),
 ( 930710, 113768, 1, 1,1,1272.75, -4142.74, 26.0452, 2.14316, 0, 0, 0.877959, 0.478736, 300, 0, 1),
 ( 930711, 113768, 1, 1,1,1083.29, -4155.5, 18.7908, 3.7493, 0, 0, 0.95419, -0.299201, 300, 0, 1),
 ( 930712, 113768, 1, 1,1,834.089, -4209.19, -1.88465, 3.41943, 0, 0, 0.990366, -0.138474, 300, 0, 1),
 ( 930713, 1000000, 530, 1,1,-1833.93, 5417.27, -12.4279, 3.33868, 0, 0, 0.995149, -0.0983824, 300, 0, 1),
 ( 930714, 113768, 1, 1,1,952.923, -4054.62, -10.9907, 3.88282, 0, 0, 0.932105, -0.362188, 300, 0, 1),
 ( 930715, 113768, 1, 1,1,1062.23, -3999.33, 22.1739, 4.87635, 0, 0, 0.646829, -0.762635, 300, 0, 1),
 ( 930716, 113768, 1, 1,1,875.601, -3854.35, 29.4045, 0.756938, 0, 0, 0.369498, 0.929231, 300, 0, 1),
 ( 930717, 113768, 1, 1,1,741.714, -3902.84, 18.1999, 3.20738, 0, 0, 0.999459, -0.0328885, 300, 0, 1),
 ( 930718, 113768, 1, 1,1,766.135, -3956.62, 19.257, 5.98768, 0, 0, 0.147215, -0.989104, 300, 0, 1),
 ( 930719, 113768, 1, 1,1,868.554, -4114, 22.9347, 5.39077, 0, 0, 0.431546, -0.902091, 300, 0, 1),
 ( 930720, 113768, 1, 1,1,895.002, -4108.34, 24.6451, 2.71257, 0, 0, 0.97708, 0.21287, 300, 0, 1),
 ( 930721, 113768, 1, 1,1,720.509, -4222.2, 16.9343, 4.07131, 0, 0, 0.893886, -0.448295, 300, 0, 1),
 ( 930722, 113768, 1, 1,1,728.745, -4296.57, 19.2054, 3.80035, 0, 0, 0.946244, -0.323455, 300, 0, 1),
 ( 930723, 113768, 1, 1,1,690.555, -4377.24, 20.8675, 3.96136, 0, 0, 0.917168, -0.398501, 300, 0, 1),
 ( 930724, 113768, 1, 1,1,769.654, -4454.42, 15.6687, 2.24526, 0, 0, 0.901242, 0.433316, 300, 0, 1),
 ( 930725, 113768, 1, 1,1,713.255, -4510.94, 19.8878, 4.28729, 0, 0, 0.84036, -0.542029, 300, 0, 1),
 ( 930726, 113768, 1, 1,1,677.738, -4586.88, 2.43518, 0.800121, 0, 0, 0.389474, 0.921037, 300, 0, 1),
 ( 930727, 113768, 1, 1,1,559.067, -4265.32, 16.09, 5.62247, 0, 0, 0.324382, -0.945926, 300, 0, 1),
 ( 930728, 113768, 1, 1,1,562.338, -4123.96, 16.1364, 6.16832, 0, 0, 0.0574024, -0.998351, 300, 0, 1),
 ( 930729, 113768, 1, 1,1,633.887, -3907.77, 25.7557, 3.78071, 0, 0, 0.949374, -0.314147, 300, 0, 1),
 ( 930730, 113768, 1, 1,1,496.171, -3930.01, 23.0401, 1.79758, 0, 0, 0.782574, 0.622558, 300, 0, 1),
 ( 930731, 113768, 1, 1,1,426.016, -3942.33, 29.3488, 2.97568, 0, 0, 0.996561, 0.0828633, 300, 0, 1),
 ( 930732, 113768, 1, 1,1,575.034, -4114.51, 18.1662, 6.21544, 0, 0, 0.033867, -0.999426, 300, 0, 1),
 ( 930733, 113768, 1, 1,1,550.633, -4079.88, 18.0165, 3.86317, 0, 0, 0.935618, -0.353015, 300, 0, 1),
 ( 930734, 113768, 1, 1,1,461.863, -4196.86, 28.8165, 2.49265, 0, 0, 0.94782, 0.318807, 300, 0, 1),
 ( 930736, 113768, 1, 1,1,415.271, -4258.52, 32.8857, 1.23601, 0, 0, 0.579412, 0.815035, 300, 0, 1),
 ( 930737, 113768, 1, 1,1,447.146, -4640.07, 49.9946, 4.23624, 0, 0, 0.85392, -0.520404, 300, 0, 1),
 ( 930738, 113768, 1, 1,1,383.793, -4595.12, 54.9033, 3.24664, 0, 0, 0.998621, -0.0524987, 300, 0, 1),
 ( 930739, 113768, 1, 1,1,551.179, -4927.66, 28.2957, 5.28866, 0, 0, 0.477021, -0.878892, 300, 0, 1),
 ( 930740, 113768, 1, 1,1,241.941, -4931.32, 18.6146, 2.98352, 0, 0, 0.996878, 0.0789558, 300, 0, 1),
 ( 930741, 113768, 1, 1,1,185.638, -4824.67, 15.9325, 3.62362, 0, 0, 0.971097, -0.238685, 300, 0, 1),
 ( 930742, 113768, 1, 1,1,92.4848, -4619.83, 48.5956, 0.859013, 0, 0, 0.416422, 0.909171, 300, 0, 1),
 ( 930743, 113768, 1, 1,1,111.793, -4550.33, 58.3402, 0.372066, 0, 0, 0.184962, 0.982746, 300, 0, 1),
 ( 930744, 113768, 1, 1,1,59.7572, -4537.85, 70.8537, 3.6943, 0, 0, 0.962056, -0.272851, 300, 0, 1),
 ( 930745, 113768, 1, 1,1,-50.2126, -4619.94, 42.5091, 4.4208, 0, 0, 0.802333, -0.596877, 300, 0, 1),
 ( 930746, 113768, 1, 1,1,-120.865, -4679.08, 30.3832, 3.66289, 0, 0, 0.966223, -0.257708, 300, 0, 1),
 ( 930747, 113768, 1, 1,1,-210.454, -4560.3, 70.0931, 4.11842, 0, 0, 0.883078, -0.469227, 300, 0, 1),
 ( 930748, 113768, 1, 1,1,-252.921, -4703.47, 34.7953, 0.128601, 0, 0, 0.0642562, 0.997933, 300, 0, 1),
 ( 930749, 113768, 1, 1,1,-295.678, -4857.7, 36.7401, 4.32655, 0, 0, 0.829558, -0.558421, 300, 0, 1),
 ( 930750, 113768, 1, 1,1,-40.8989, -4882.72, 18.8184, 0.603765, 0, 0, 0.297318, 0.954778, 300, 0, 1),
 ( 930751, 113768, 1, 1,1,-44.6911, -4983.6, 16.9149, 3.83569, 0, 0, 0.940381, -0.340122, 300, 0, 1),
 ( 930752, 113768, 1, 1,1,210.381, -5063.97, 13.4733, 1.78579, 0, 0, 0.77889, 0.627161, 300, 0, 1),
 ( 930753, 113768, 1, 1,1,365.95, -5046.66, 22.3093, 2.30808, 0, 0, 0.914406, 0.404798, 300, 0, 1),
 ( 930754, 113768, 1, 1,1,-189.645, -5125.25, 21.1325, 1.46377, 0, 0, 0.668274, 0.743916, 300, 0, 1),
 ( 930755, 113768, 1, 1,1,-237.057, -5199.56, 20.349, 3.66289, 0, 0, 0.966223, -0.257706, 300, 0, 1),
 ( 930756, 113768, 1, 1,1,-340.796, -5160.64, 20.9817, 2.82644, 0, 0, 0.98761, 0.156926, 300, 0, 1),
 ( 930757, 113768, 1, 1,1,-264.905, -5015.69, 22.1573, 1.78579, 0, 0, 0.778889, 0.627161, 300, 0, 1),
 ( 930758, 113768, 1, 1,1,-250.488, -4993.25, 21.1234, 0.851161, 0, 0, 0.41285, 0.910799, 300, 0, 1),
 ( 930759, 113768, 1, 1,1,-421.259, -4644.52, 43.8397, 0.309236, 0, 0, 0.154002, 0.98807, 300, 0, 1),
 ( 930760, 113768, 1, 1,1,-598.571, -4937.95, 41.8647, 3.25448, 0, 0, 0.998408, -0.0564114, 300, 0, 1),
 ( 930761, 113768, 1, 1,1,-726.002, -5047.69, 15.3094, 3.96526, 0, 0, 0.916388, -0.40029, 300, 0, 1),
 ( 930762, 113768, 1, 1,1,-737.898, -4978.09, 22.1747, 3.91421, 0, 0, 0.926307, -0.376771, 300, 0, 1),
 ( 930763, 113768, 1, 1,1,-715.217, -4877.79, 20.8893, 1.73473, 0, 0, 0.762626, 0.64684, 300, 0, 1),
 ( 930764, 113768, 1, 1,1,-870.45, -4874.01, 17.5483, 3.65503, 0, 0, 0.967229, -0.253906, 300, 0, 1),
 ( 930765, 113768, 1, 1,1,-917.162, -4923.93, 16.1325, 4.22837, 0, 0, 0.855962, -0.517039, 300, 0, 1),
 ( 930766, 113768, 1, 1,1,-1068.59, -4775.69, 17.362, 1.99391, 0, 0, 0.839822, 0.542862, 300, 0, 1),
 ( 930767, 113768, 1, 1,1,-1054.49, -4683.39, 23.8157, 0.493799, 0, 0, 0.244399, 0.969675, 300, 0, 1),
 ( 930768, 113768, 1, 1,1,-1027.4, -4667.78, 31.942, 0.462383, 0, 0, 0.229138, 0.973394, 300, 0, 1),
 ( 930769, 113768, 1, 1,1,-651.039, -4425.62, 60.4521, 3.01101, 0, 0, 0.997869, 0.0652456, 300, 0, 1),
 ( 930770, 113768, 1, 1,1,-407.827, -4397.05, 43.2623, 1.96249, 0, 0, 0.831192, 0.555986, 300, 0, 1),
 ( 930771, 113768, 1, 1,1,-338.977, -4455.9, 57.8954, 6.1683, 0, 0, 0.0574122, -0.998351, 300, 0, 1),
 ( 930772, 113768, 1, 1,1,-221.248, -4454.3, 68.4006, 0.470234, 0, 0, 0.232957, 0.972487, 300, 0, 1),
 ( 930773, 113768, 1, 1,1,-175.221, -4341.54, 67.9074, 4.52682, 0, 0, 0.76958, -0.63855, 300, 0, 1),
 ( 930774, 113768, 1, 1,1,-217.415, -4222.42, 61.7514, 1.51482, 0, 0, 0.687041, 0.726619, 300, 0, 1),
 ( 930775, 113768, 1, 1,1,-353.131, -4129.37, 51.6244, 3.85923, 0, 0, 0.936312, -0.351169, 300, 0, 1),
 ( 930776, 113768, 1, 1,1,-394.249, -4095.86, 50.1567, 4.43649, 0, 0, 0.797624, -0.603155, 300, 0, 1),
 ( 930777, 113768, 1, 1,1,-381.627, -4004.77, 55.0235, 4.57001, 0, 0, 0.755612, -0.655019, 300, 0, 1),
 ( 930778, 113768, 1, 1,1,-624.603, -4108.88, 75.0348, 5.38682, 0, 0, 0.433329, -0.901236, 300, 0, 1),
 ( 930779, 113768, 1, 1,1,-547.611, -4062.2, 74.6166, 0.242462, 0, 0, 0.120934, 0.992661, 300, 0, 1),
 ( 930780, 113768, 1, 1,1,-516.027, -4184.07, 77.0486, 4.42471, 0, 0, 0.801163, -0.598446, 300, 0, 1),
 ( 930781, 113768, 1, 1,1,-552.893, -4333.64, 42.5833, 5.46144, 0, 0, 0.399408, -0.916773, 300, 0, 1),
 ( 930782, 113768, 1, 1,1,-764.584, -4335.76, 52.425, 4.49933, 0, 0, 0.778283, -0.627914, 300, 0, 1),
 ( 930783, 113768, 1, 1,1,-747.327, -4275.76, 43.9034, 5.37505, 0, 0, 0.438624, -0.898671, 300, 0, 1),
 ( 930784, 113768, 1, 1,1,-738.008, -4132.51, 40.3482, 3.74142, 0, 0, 0.955362, -0.295439, 300, 0, 1),
 ( 930785, 113768, 1, 1,1,551.266, -4713.99, 8.3846, 0.450591, 0, 0, 0.223394, 0.974728, 300, 0, 1),
 ( 930786, 113768, 1, 1,1,737.919, -4615.32, -4.09413, 5.60829, 0, 0, 0.331078, -0.943604, 300, 0, 1),
 ( 930787, 113768, 1, 1,1,858.744, -4595.86, 8.8565, 2.81621, 0, 0, 0.986795, 0.161977, 300, 0, 1),
 ( 930788, 113768, 1, 1,1,894.257, -4533.21, 9.70878, 0.275448, 0, 0, 0.137289, 0.990531, 300, 0, 1),
 ( 930789, 113768, 1, 1,1,997.431, -4422.8, 14.6916, 5.32948, 0, 0, 0.458983, -0.888445, 300, 0, 1),
 ( 930790, 113768, 1, 1,1,1112.65, -4338.79, 26.8817, 1.77949, 0, 0, 0.776911, 0.629611, 300, 0, 1),
 ( 930791, 113768, 1, 1,1,10256.5, 1422.13, 1336.93, 5.28725, 0, 0, 0.477643, -0.878554, 300, 0, 1),
 ( 930792, 113768, 1, 1,1,10330.3, 1402.17, 1339.56, 1.17569, 0, 0, 0.554568, 0.832139, 300, 0, 1),
 ( 930793, 113768, 1, 1,1,10408.4, 1520.96, 1310.28, 6.14726, 0, 0, 0.0679114, -0.997691, 300, 0, 1),
 ( 930794, 113768, 1, 1,1,10467.3, 1429.85, 1326.67, 0.256773, 0, 0, 0.128034, 0.99177, 300, 0, 1),
 ( 930795, 113768, 1, 1,1,10483.1, 1491.62, 1317.57, 0.22143, 0, 0, 0.110489, 0.993877, 300, 0, 1),
 ( 930796, 113768, 1, 1,1,10610.6, 1445.79, 1321.64, 1.44273, 0, 0, 0.660408, 0.750907, 300, 0, 1),
 ( 930797, 113768, 1, 1,1,10654.3, 1521.18, 1305, 0.649473, 0, 0, 0.319059, 0.947735, 300, 0, 1),
 ( 930798, 113768, 1, 1,1,10738.7, 1398.2, 1327.69, 5.26762, 0, 0, 0.486243, -0.873824, 300, 0, 1),
 ( 930799, 113768, 1, 1,1,10783.8, 1348.7, 1328.08, 5.86844, 0, 0, 0.205888, -0.978576, 300, 0, 1),
 ( 930800, 113768, 1, 1,1,10757.5, 1330.04, 1336.86, 4.39582, 0, 0, 0.809724, -0.586811, 300, 0, 1),
 ( 930801, 113768, 1, 1,1,10857.6, 1481.35, 1300.7, 6.27685, 0, 0, 0.00316682, -0.999995, 300, 0, 1),
 ( 930802, 113768, 1, 1,1,10909, 1353.6, 1323.52, 5.18908, 0, 0, 0.520173, -0.854061, 300, 0, 1),
 ( 930803, 113768, 1, 1,1,10986.4, 1351.28, 1336.91, 6.22973, 0, 0, 0.0267246, -0.999643, 300, 0, 1),
 ( 930804, 113768, 1, 1,1,10956.4, 1493.65, 1290.61, 2.97426, 0, 0, 0.996502, 0.083571, 300, 0, 1),
 ( 930805, 113768, 1, 1,1,10944.5, 1559.18, 1274.38, 0.947927, 0, 0, 0.456417, 0.889766, 300, 0, 1),
 ( 930806, 113768, 1, 1,1,10951.8, 1600.19, 1276.03, 1.20711, 0, 0, 0.567573, 0.823323, 300, 0, 1),
 ( 930807, 113768, 1, 1,1,10966.6, 1699.94, 1301.43, 2.39306, 0, 0, 0.930776, 0.365589, 300, 0, 1),
 ( 930808, 113768, 1, 1,1,10977.4, 1783.11, 1315.74, 1.74511, 0, 0, 0.765973, 0.642873, 300, 0, 1),
 ( 930809, 113768, 1, 1,1,10960.7, 1865.18, 1330.97, 1.82365, 0, 0, 0.790621, 0.612305, 300, 0, 1),
 ( 930810, 113768, 1, 1,1,10840.1, 1862.6, 1343.33, 3.14312, 0, 0, 1, -0.000761672, 300, 0, 1),
 ( 930811, 113768, 1, 1,1,10806.2, 1945.09, 1336.47, 2.54228, 0, 0, 0.955439, 0.295189, 300, 0, 1),
 ( 930812, 113768, 1, 1,1,10711.8, 1957.72, 1338.22, 3.08028, 0, 0, 0.99953, 0.0306501, 300, 0, 1),
 ( 930813, 113768, 1, 1,1,10676.4, 1942.59, 1336.11, 3.8107, 0, 0, 0.944556, -0.328349, 300, 0, 1),
 ( 930814, 113768, 1, 1,1,10611.4, 1946.52, 1322.22, 4.26231, 0, 0, 0.847065, -0.531489, 300, 0, 1),
 ( 930815, 113768, 1, 1,1,10532.1, 1903.55, 1319.29, 2.8211, 0, 0, 0.987188, 0.159559, 300, 0, 1),
 ( 930816, 113768, 1, 1,1,10585.5, 1765.5, 1315.93, 4.56468, 0, 0, 0.757355, -0.653004, 300, 0, 1),
 ( 930817, 113768, 1, 1,1,10487.2, 1726.43, 1303.43, 4.05417, 0, 0, 0.897693, -0.440621, 300, 0, 1),
 ( 930818, 113768, 1, 1,1,10393, 1780.5, 1312, 3.13133, 0, 0, 0.999987, 0.0051307, 300, 0, 1),
 ( 930819, 113768, 1, 1,1,10335.6, 1747.15, 1315.43, 4.21518, 0, 0, 0.859353, -0.511383, 300, 0, 1),
 ( 930820, 113768, 1, 1,1,10297.3, 1630.96, 1295.76, 4.88276, 0, 0, 0.644379, -0.764706, 300, 0, 1),
 ( 930821, 113768, 1, 1,1,10346.6, 1552.98, 1300.71, 3.75965, 0, 0, 0.95263, -0.304131, 300, 0, 1),
 ( 930822, 113768, 1, 1,1,10222.9, 1602.29, 1293.33, 1.87076, 0, 0, 0.804825, 0.593512, 300, 0, 1),
 ( 930823, 113768, 1, 1,1,10140, 1658.27, 1325.41, 3.35124, 0, 0, 0.994511, -0.10463, 300, 0, 1),
 ( 930824, 113768, 1, 1,1,10055.7, 1735.25, 1332.22, 2.74648, 0, 0, 0.980549, 0.196274, 300, 0, 1),
 ( 930825, 113768, 1, 1,1,9939.4, 1812.05, 1330.38, 2.3852, 0, 0, 0.929332, 0.369246, 300, 0, 1),
 ( 930826, 113768, 1, 1,1,9930.2, 1734.38, 1330.36, 3.3591, 0, 0, 0.994092, -0.108539, 300, 0, 1),
 ( 930827, 113768, 1, 1,1,9830.08, 1864.18, 1319.41, 3.94029, 0, 0, 0.921314, -0.38882, 300, 0, 1),
 ( 930828, 113768, 1, 1,1,9734.66, 1796.36, 1298.08, 2.31059, 0, 0, 0.914914, 0.403648, 300, 0, 1),
 ( 930829, 113768, 1, 1,1,9625.46, 1851.88, 1301.06, 1.15998, 0, 0, 0.548017, 0.836467, 300, 0, 1),
 ( 930830, 113768, 1, 1,1,9470.05, 1816.58, 1325.03, 1.66264, 0, 0, 0.738821, 0.673902, 300, 0, 1),
 ( 930831, 113768, 1, 1,1,9375.06, 1724.1, 1309.82, 3.17846, 0, 0, 0.99983, -0.0184314, 300, 0, 1),
 ( 930832, 113768, 1, 1,1,9330.73, 1737.56, 1321.65, 4.12486, 0, 0, 0.881562, -0.472068, 300, 0, 1),
 ( 930833, 113768, 1, 1,1,9250.54, 1647.8, 1304.33, 4.01883, 0, 0, 0.905339, -0.424691, 300, 0, 1),
 ( 930834, 113768, 1, 1,1,9205.72, 1726.71, 1324.36, 2.07497, 0, 0, 0.861129, 0.508387, 300, 0, 1),
 ( 930835, 113768, 1, 1,1,9095.29, 1692.13, 1328.33, 5.45218, 0, 0, 0.403649, -0.914914, 300, 0, 1),
 ( 930836, 113768, 1, 1,1,9138.35, 1590.22, 1321.89, 0.17038, 0, 0, 0.0850871, 0.996374, 300, 0, 1),
 ( 930837, 113768, 1, 1,1,9218.69, 1566.55, 1300.79, 5.47182, 0, 0, 0.394646, -0.918833, 300, 0, 1),
 ( 930838, 113768, 1, 1,1,9269.7, 1526.79, 1288.38, 0.119328, 0, 0, 0.0596286, 0.998221, 300, 0, 1),
 ( 930839, 113768, 1, 1,1,9382.31, 1534.62, 1277.63, 0.335313, 0, 0, 0.166872, 0.985979, 300, 0, 1),
 ( 930840, 113768, 1, 1,1,9376.43, 1540.22, 1277.02, 0.264627, 0, 0, 0.131928, 0.991259, 300, 0, 1),
 ( 930841, 113768, 1, 1,1,9523.07, 1586.91, 1314.45, 4.46651, 0, 0, 0.788482, -0.615058, 300, 0, 1),
 ( 930842, 113768, 1, 1,1,9401.72, 1420.51, 1287.47, 4.68642, 0, 0, 0.716228, -0.697867, 300, 0, 1),
 ( 930843, 113768, 1, 1,1,9336.3, 1396.82, 1277.48, 3.48476, 0, 0, 0.985315, -0.170744, 300, 0, 1),
 ( 930844, 113768, 1, 1,1,9260.11, 1387.48, 1295.05, 3.24914, 0, 0, 0.998554, -0.053749, 300, 0, 1),
 ( 930845, 113768, 1, 1,1,9180.88, 1365.8, 1315.07, 5.55821, 0, 0, 0.3546, -0.935018, 300, 0, 1),
 ( 930846, 113768, 1, 1,1,9261.24, 1238.27, 1296.4, 0.0957598, 0, 0, 0.0478616, 0.998854, 300, 0, 1),
 ( 930847, 113768, 1, 1,1,9282.79, 1126.91, 1257.12, 1.34847, 0, 0, 0.624301, 0.781184, 300, 0, 1),
 ( 930848, 113768, 1, 1,1,9317.45, 1106.01, 1254.31, 6.06479, 0, 0, 0.108982, -0.994044, 300, 0, 1),
 ( 930849, 113768, 1, 1,1,9443.75, 1112.1, 1249.68, 4.91418, 0, 0, 0.632288, -0.774734, 300, 0, 1),
 ( 930850, 113768, 1, 1,1,9460.06, 981.655, 1257.29, 5.02806, 0, 0, 0.587174, -0.809461, 300, 0, 1),
 ( 930851, 113768, 1, 1,1,9353.59, 967.716, 1290.94, 3.19808, 0, 0, 0.999601, -0.0282408, 300, 0, 1),
 ( 930852, 113768, 1, 1,1,9252.49, 843.956, 1321.26, 4.00312, 0, 0, 0.908648, -0.417563, 300, 0, 1),
 ( 930853, 113768, 1, 1,1,9189.79, 827.906, 1330.62, 4.60002, 0, 0, 0.7457, -0.666282, 300, 0, 1),
 ( 930854, 113768, 1, 1,1,9298.83, 679.936, 1318.06, 5.18121, 0, 0, 0.52353, -0.852007, 300, 0, 1),
 ( 930855, 113768, 1, 1,1,9361.25, 692.043, 1307.13, 5.97446, 0, 0, 0.153749, -0.98811, 300, 0, 1),
 ( 930856, 113768, 1, 1,1,9410.02, 549.135, 1322.03, 5.34222, 0, 0, 0.453318, -0.891349, 300, 0, 1),
 ( 930857, 113768, 1, 1,1,9445.17, 521.36, 1323.73, 0.0957517, 0, 0, 0.0478576, 0.998854, 300, 0, 1),
 ( 930858, 113768, 1, 1,1,9584.64, 542.456, 1321.68, 6.25328, 0, 0, 0.0149544, -0.999888, 300, 0, 1),
 ( 930859, 113768, 1, 1,1,9662.72, 390.432, 1326.98, 5.9234, 0, 0, 0.178922, -0.983863, 300, 0, 1),
 ( 930860, 113768, 1, 1,1,9695.78, 338.012, 1326.83, 0.150721, 0, 0, 0.0752892, 0.997162, 300, 0, 1),
 ( 930861, 113768, 1, 1,1,9750.03, 477.02, 1306.13, 2.93417, 0, 0, 0.994627, 0.103524, 300, 0, 1),
 ( 930862, 113768, 1, 1,1,9732.45, 571.446, 1304.27, 1.71288, 0, 0, 0.755515, 0.655132, 300, 0, 1),
 ( 930863, 113768, 1, 1,1,9763.88, 810.89, 1301.28, 1.35159, 0, 0, 0.62552, 0.780208, 300, 0, 1),
 ( 930864, 113768, 1, 1,1,9856.57, 873.832, 1309.79, 0.189206, 0, 0, 0.0944619, 0.995528, 300, 0, 1),
 ( 930865, 113768, 1, 1,1,9907.02, 936.284, 1313.97, 1.00209, 0, 0, 0.480344, 0.87708, 300, 0, 1),
 ( 930866, 113768, 1, 1,1,9826.83, 933.443, 1307.49, 3.11482, 0, 0, 0.99991, 0.0133876, 300, 0, 1),
 ( 930867, 113768, 1, 1,1,9719.07, 988.557, 1295.17, 2.14878, 0, 0, 0.879299, 0.47627, 300, 0, 1),
 ( 930868, 113768, 1, 1,1,9658.57, 998.365, 1290.57, 2.67107, 0, 0, 0.972453, 0.233099, 300, 0, 1),
 ( 930869, 113768, 1, 1,1,9679.37, 1055.04, 1282.9, 1.36338, 0, 0, 0.630106, 0.776509, 300, 0, 1),
 ( 930870, 113768, 1, 1,1,9688.58, 1100.8, 1274.96, 1.46941, 0, 0, 0.670367, 0.74203, 300, 0, 1),
 ( 930871, 113768, 1, 1,1,9700.47, 1189.78, 1272.54, 1.37123, 0, 0, 0.63315, 0.774029, 300, 0, 1),
 ( 930872, 113768, 1, 1,1,9650.2, 1207.04, 1268.74, 3.16194, 0, 0, 0.999948, -0.0101739, 300, 0, 1),
 ( 930873, 113768, 1, 1,1,9588.13, 1159.09, 1270.26, 4.19474, 0, 0, 0.864535, -0.502573, 300, 0, 1),
 ( 930874, 113768, 1, 1,1,9501.43, 1083.52, 1252.71, 3.46824, 0, 0, 0.986692, -0.1626, 300, 0, 1),
 ( 930875, 113768, 1, 1,1,9456.72, 1092.78, 1246.92, 1.9485, 0, 0, 0.827281, 0.561789, 300, 0, 1),
 ( 930876, 113768, 1, 1,1,9715.8, 748.89, 1293.61, 4.08478, 0, 0, 0.890846, -0.454305, 300, 0, 1),
 ( 930877, 113768, 1, 1,1,10003.5, 769.994, 1329.09, 0.29915, 0, 0, 0.149018, 0.988835, 300, 0, 1),
 ( 930878, 113768, 1, 1,1,9992.52, 642.882, 1316.03, 4.83482, 0, 0, 0.662523, -0.749042, 300, 0, 1),
 ( 930879, 113768, 1, 1,1,9981.39, 466.71, 1309.43, 4.44605, 0, 0, 0.794732, -0.60696, 300, 0, 1),
 ( 930880, 113768, 1, 1,1,10099.6, 445.136, 1325.12, 6.08753, 0, 0, 0.0976723, -0.995219, 300, 0, 1),
 ( 930881, 113768, 1, 1,1,10090.5, 320.104, 1326, 4.76021, 0, 0, 0.69, -0.723809, 300, 0, 1),
 ( 930882, 113768, 1, 1,1,10027.3, 260.642, 1325.25, 4.34002, 0, 0, 0.82578, -0.563992, 300, 0, 1),
 ( 930883, 113768, 1, 1,1,10076.7, 520.944, 1323.92, 1.62646, 0, 0, 0.726512, 0.687154, 300, 0, 1),
 ( 930884, 113768, 1, 1,1,10279.9, 634.88, 1350.23, 5.37674, 0, 0, 0.437865, -0.899041, 300, 0, 1),
 ( 930885, 113768, 1, 1,1,10352, 630.504, 1328.2, 4.87016, 0, 0, 0.649184, -0.760631, 300, 0, 1),
 ( 930886, 113768, 1, 1,1,10433.3, 583.718, 1327.43, 5.08614, 0, 0, 0.563421, -0.82617, 300, 0, 1),
 ( 930887, 113768, 1, 1,1,10381.1, 496.766, 1332.99, 4.34787, 0, 0, 0.823558, -0.567232, 300, 0, 1),
 ( 930888, 113768, 1, 1,1,10591.7, 525.221, 1358.88, 5.65949, 0, 0, 0.306818, -0.951768, 300, 0, 1),
 ( 930889, 113768, 1, 1,1,10670.7, 673.357, 1331.42, 0.609377, 0, 0, 0.299996, 0.95394, 300, 0, 1),
 ( 930890, 113768, 1, 1,1,10698.6, 686.783, 1335.17, 0.491566, 0, 0, 0.243316, 0.969947, 300, 0, 1),
 ( 930891, 113768, 1, 1,1,10805.5, 704.37, 1338.74, 1.08455, 0, 0, 0.516084, 0.856538, 300, 0, 1),
 ( 930892, 113768, 1, 1,1,10741.3, 770.268, 1328.87, 1.74821, 0, 0, 0.766969, 0.641684, 300, 0, 1),
 ( 930893, 113768, 1, 1,1,10712.5, 892.764, 1326.38, 1.12774, 0, 0, 0.534462, 0.845192, 300, 0, 1),
 ( 930894, 113768, 1, 1,1,10657.6, 877.432, 1318.98, 2.92631, 0, 0, 0.994212, 0.107436, 300, 0, 1),
 ( 930895, 113768, 1, 1,1,10694.6, 1057.11, 1357.94, 2.12127, 0, 0, 0.872666, 0.488317, 300, 0, 1),
 ( 930896, 113768, 1, 1,1,10711.5, 1009.53, 1338.07, 4.91337, 0, 0, 0.632602, -0.774477, 300, 0, 1),
 ( 930897, 113768, 1, 1,1,10585.7, 910.1, 1313.8, 3.24833, 0, 0, 0.998576, -0.053342, 300, 0, 1),
 ( 930898, 113768, 1, 1,1,10582, 1002.04, 1327.83, 2.78101, 0, 0, 0.983792, 0.179314, 300, 0, 1),
 ( 930899, 113768, 1, 1,1,10497.1, 1053.11, 1325.47, 1.8621, 0, 0, 0.802247, 0.596992, 300, 0, 1),
 ( 930900, 113768, 1, 1,1,10451.4, 1040.06, 1331.77, 3.16586, 0, 0, 0.999926, -0.0121336, 300, 0, 1),
 ( 930901, 113768, 1, 1,1,10397.4, 930.222, 1325.54, 3.84131, 0, 0, 0.939422, -0.342763, 300, 0, 1),
 ( 930902, 113768, 1, 1,1,10322.4, 1033.54, 1339.76, 2.38832, 0, 0, 0.929907, 0.367795, 300, 0, 1),
 ( 930903, 113768, 1, 1,1,10216.8, 982.896, 1361.57, 3.9709, 0, 0, 0.915256, -0.402872, 300, 0, 1),
 ( 930904, 113768, 1, 1,1,10256, 883.753, 1342.1, 3.73136, 0, 0, 0.956836, -0.290629, 300, 0, 1),
 ( 930905, 113768, 1, 1,1,10347.4, 813.906, 1324.88, 4.6385, 0, 0, 0.732743, -0.680506, 300, 0, 1),
 ( 930906, 113768, 1, 1,1,10242.4, 738.487, 1355.86, 3.77849, 0, 0, 0.949722, -0.313093, 300, 0, 1),
 ( 930907, 113768, 1, 1,1,10331.4, 743.005, 1329.93, 0.93927, 0, 0, 0.452561, 0.891734, 300, 0, 1),
 ( 930908, 113768, 1, 1,1,10352.2, 820.828, 1324.64, 0.0831857, 0, 0, 0.0415808, 0.999135, 300, 0, 1),
 ( 930909, 113768, 1, 1,1,10424.3, 825.798, 1319, 3.49182, 0, 0, 0.984707, -0.17422, 300, 0, 1),
 ( 930910, 113768, 1, 1,1,10413.1, 826.471, 1319.73, 4.32827, 0, 0, 0.829078, -0.559133, 300, 0, 1),
 ( 930911, 113768, 1, 1,1,10350.5, 709.217, 1327.89, 4.08087, 0, 0, 0.891731, -0.452566, 300, 0, 1),
 ( 930912, 113768, 1, 1,1,10234.2, 712.477, 1354.33, 2.14879, 0, 0, 0.879303, 0.476263, 300, 0, 1),
 ( 930913, 113768, 0, 1,1,2911.29, 386.739, 31.2213, 4.62459, 0, 0, 0.737457, -0.675394, 300, 0, 1),
 ( 930914, 113768, 0, 1,1,2860.13, 422.513, 20.5776, 2.69644, 0, 0, 0.975332, 0.220745, 300, 0, 1),
 ( 930915, 113768, 0, 1,1,2787.39, 475, 19.5945, 3.85883, 0, 0, 0.936383, -0.350979, 300, 0, 1),
 ( 930916, 113768, 0, 1,1,2734.9, 473.41, 24.1205, 3.46613, 0, 0, 0.986864, -0.161556, 300, 0, 1),
 ( 930917, 113768, 0, 1,1,2670.22, 503.541, 14.442, 1.82072, 0, 0, 0.789724, 0.613463, 300, 0, 1),
 ( 930918, 113768, 0, 1,1,2672.09, 555.912, 14.0311, 0.921436, 0, 0, 0.444591, 0.895733, 300, 0, 1),
 ( 930919, 113768, 0, 1,1,2630.24, 530.652, 19.8201, 4.76203, 0, 0, 0.689339, -0.724439, 300, 0, 1),
 ( 930920, 113768, 0, 1,1,2574.72, 533.064, 11.8543, 5.37465, 0, 0, 0.438807, -0.898582, 300, 0, 1),
 ( 930921, 113768, 0, 1,1,2553.37, 526.037, 14.5856, 0.179237, 0, 0, 0.0894984, 0.995987, 300, 0, 1),
 ( 930922, 113768, 0, 1,1,2584.22, 457.671, 27.4012, 3.796, 0, 0, 0.946945, -0.321396, 300, 0, 1),
 ( 930923, 113768, 0, 1,1,2618.88, 378.802, 35.7045, 4.57354, 0, 0, 0.754453, -0.656354, 300, 0, 1),
 ( 930924, 113768, 0, 1,1,2705.07, 414.368, 22.5604, 6.01082, 0, 0, 0.135764, -0.990741, 300, 0, 1),
 ( 930925, 113768, 0, 1,1,2743.88, 347.814, 27.6859, 5.29611, 0, 0, 0.473746, -0.880661, 300, 0, 1),
 ( 930926, 113768, 0, 1,1,2836.01, 403.023, 20.8567, 0.426636, 0, 0, 0.211704, 0.977334, 300, 0, 1),
 ( 930927, 113768, 0, 1,1,2831.41, 312.297, 26.9678, 4.26331, 0, 0, 0.846798, -0.531914, 300, 0, 1),
 ( 930928, 113768, 0, 1,1,2757.95, 160.331, 32.5509, 4.49892, 0, 0, 0.778412, -0.627754, 300, 0, 1),
 ( 930929, 113768, 0, 1,1,2756.54, 101.548, 34.3425, 5.30395, 0, 0, 0.470288, -0.882513, 300, 0, 1),
 ( 930930, 113768, 0, 1,1,2779.87, 5.40049, 33.5168, 4.10623, 0, 0, 0.885923, -0.463833, 300, 0, 1),
 ( 930931, 113768, 0, 1,1,2727.16, -79.4618, 30.5378, 4.49893, 0, 0, 0.77841, -0.627756, 300, 0, 1),
 ( 930932, 113768, 0, 1,1,2829.32, -199.496, 49.9937, 5.57492, 0, 0, 0.346778, -0.937947, 300, 0, 1),
 ( 930933, 113768, 0, 1,1,2901.49, -292.646, 45.3283, 4.0434, 0, 0, 0.900055, -0.435777, 300, 0, 1),
 ( 930934, 113768, 0, 1,1,2733.63, -324.954, 79.4044, 3.48969, 0, 0, 0.984892, -0.173171, 300, 0, 1),
 ( 930935, 113768, 0, 1,1,2659.93, -231.015, 46.9708, 2.55114, 0, 0, 0.956736, 0.290958, 300, 0, 1),
 ( 930936, 113768, 0, 1,1,2447.1, -302.622, 64.6078, 1.52227, 0, 0, 0.689742, 0.724055, 300, 0, 1),
 ( 930937, 113768, 0, 1,1,2388.61, -229.532, 40.8087, 2.68466, 0, 0, 0.974014, 0.226486, 300, 0, 1),
 ( 930938, 113768, 0, 1,1,2280.21, -248.534, 52.8578, 3.77636, 0, 0, 0.950055, -0.312082, 300, 0, 1),
 ( 930939, 113768, 0, 1,1,2289.44, -296.629, 65.8579, 4.89555, 0, 0, 0.639476, -0.768811, 300, 0, 1),
 ( 930940, 113768, 0, 1,1,2401.76, -406.742, 70.5821, 5.17044, 0, 0, 0.52811, -0.849176, 300, 0, 1),
 ( 930941, 113768, 0, 1,1,2447.75, -498.885, 74.9009, 5.35108, 0, 0, 0.449363, -0.893349, 300, 0, 1),
 ( 930942, 113768, 0, 1,1,2475.45, -686.281, 71.8762, 4.93875, 0, 0, 0.622724, -0.782441, 300, 0, 1),
 ( 930943, 113768, 0, 1,1,2530.26, -770.684, 71.5545, 4.40468, 0, 0, 0.807118, -0.59039, 300, 0, 1),
 ( 930944, 113768, 0, 1,1,2527.8, -826.524, 63.2112, 5.86944, 0, 0, 0.2054, -0.978678, 300, 0, 1),
 ( 930945, 113768, 0, 1,1,2619.12, -949.713, 75.3552, 5.24898, 0, 0, 0.494362, -0.869256, 300, 0, 1),
 ( 930946, 113768, 0, 1,1,2616.1, -957.4, 77.8722, 4.67957, 0, 0, 0.718615, -0.695408, 300, 0, 1),
 ( 930947, 113768, 0, 1,1,2621.8, -1024.46, 95.4979, 4.49108, 0, 0, 0.780868, -0.624696, 300, 0, 1),
 ( 930948, 113768, 0, 1,1,2405.34, -1020.8, 82.4464, 3.12841, 0, 0, 0.999978, 0.00658992, 300, 0, 1),
 ( 930949, 113768, 0, 1,1,2171.31, -940.209, 89.6705, 2.58256, 0, 0, 0.961189, 0.27589, 300, 0, 1),
 ( 930950, 113768, 0, 1,1,2131.62, -871.198, 125.704, 1.69506, 0, 0, 0.749648, 0.661837, 300, 0, 1),
 ( 930951, 113768, 0, 1,1,2026.54, -799.121, 112.969, 2.11525, 0, 0, 0.871192, 0.490943, 300, 0, 1),
 ( 930952, 113768, 0, 1,1,2287.11, -860.601, 73.9728, 0.19102, 0, 0, 0.0953648, 0.995442, 300, 0, 1),
 ( 930953, 113768, 0, 1,1,2523.63, -693.088, 68.1932, 0.948929, 0, 0, 0.456862, 0.889537, 300, 0, 1),
 ( 930954, 113768, 0, 1,1,2661.75, -633.279, 112.006, 0.198874, 0, 0, 0.0992732, 0.99506, 300, 0, 1),
 ( 930955, 113768, 0, 1,1,2817.17, -814.964, 153.392, 0.0889163, 0, 0, 0.0444435, 0.999012, 300, 0, 1),
 ( 930956, 113768, 0, 1,1,2836.84, -763.035, 153.185, 1.28665, 0, 0, 0.599859, 0.800106, 300, 0, 1),
 ( 930957, 113768, 0, 1,1,2936.58, -760.323, 154.121, 5.70452, 0, 0, 0.285313, -0.958434, 300, 0, 1),
 ( 930958, 113768, 0, 1,1,2970.15, -751.787, 156.181, 0.693679, 0, 0, 0.339927, 0.940452, 300, 0, 1),
 ( 930959, 113768, 0, 1,1,2882.36, -633.151, 137.839, 2.72001, 0, 0, 0.977865, 0.209235, 300, 0, 1),
 ( 930960, 113768, 0, 1,1,2846.66, -643.525, 139.938, 2.57078, 0, 0, 0.959547, 0.281547, 300, 0, 1),
 ( 930961, 113768, 0, 1,1,2708.5, -724.509, 133.284, 3.68212, 0, 0, 0.963701, -0.266985, 300, 0, 1),
 ( 930962, 113768, 0, 1,1,2188.38, -440.95, 75.4166, 4.62852, 0, 0, 0.736127, -0.676843, 300, 0, 1),
 ( 930963, 113768, 0, 1,1,2182.16, -558.344, 78.9317, 4.47144, 0, 0, 0.786963, -0.617, 300, 0, 1),
 ( 930964, 113768, 0, 1,1,2162.17, -529.787, 88.1544, 5.24113, 0, 0, 0.49777, -0.867309, 300, 0, 1),
 ( 930965, 113768, 0, 1,1,2048.96, -465.693, 36.0434, 2.39799, 0, 0, 0.931675, 0.363293, 300, 0, 1),
 ( 930966, 113768, 0, 1,1,1969.26, -471.93, 34.5579, 2.13096, 0, 0, 0.875021, 0.484086, 300, 0, 1),
 ( 930967, 113768, 0, 1,1,1968.92, -463.68, 34.6261, 1.57332, 0, 0, 0.708, 0.706213, 300, 0, 1),
 ( 930968, 113768, 0, 1,1,1968.18, -449.743, 35.4524, 5.66132, 0, 0, 0.305945, -0.952049, 300, 0, 1),
 ( 930969, 113768, 0, 1,1,2051.81, -432.146, 35.7341, 4.14551, 0, 0, 0.876642, -0.481144, 300, 0, 1),
 ( 930970, 113768, 0, 1,1,2055.79, -250.451, 40.9253, 1.5537, 0, 0, 0.701035, 0.713127, 300, 0, 1),
 ( 930971, 113768, 0, 1,1,1849.27, -250.917, 41.3277, 3.84313, 0, 0, 0.939108, -0.343621, 300, 0, 1),
 ( 930972, 113768, 0, 1,1,1946.4, -103.005, 41.5362, 2.24092, 0, 0, 0.900301, 0.435268, 300, 0, 1),
 ( 930973, 113768, 0, 1,1,1800.2, -11.2197, 48.2481, 2.84175, 0, 0, 0.988783, 0.149361, 300, 0, 1),
 ( 930974, 113768, 0, 1,1,1941.32, 0.372823, 10.4459, 5.58279, 0, 0, 0.343083, -0.939305, 300, 0, 1),
 ( 930975, 113768, 0, 1,1,2061.91, 5.18219, 43.3625, 0.214593, 0, 0, 0.107091, 0.994249, 300, 0, 1),
 ( 930976, 113768, 0, 1,1,2177.59, 36.8486, 39.3149, 0.308838, 0, 0, 0.153806, 0.988101, 300, 0, 1),
 ( 930977, 113768, 0, 1,1,2302.04, 121.916, 41.1665, 1.41232, 0, 0, 0.648918, 0.760859, 300, 0, 1),
 ( 930978, 113768, 0, 1,1,2084.82, 256.456, 58.0279, 2.1663, 0, 0, 0.883439, 0.468546, 300, 0, 1),
 ( 930979, 113768, 0, 1,1,1926.74, 298.148, 42.9571, 2.90065, 0, 0, 0.992752, 0.120179, 300, 0, 1),
 ( 930980, 113768, 0, 1,1,1992.49, 463.616, 39.2379, 0.662267, 0, 0, 0.325115, 0.945674, 300, 0, 1),
 ( 930981, 113768, 0, 1,1,1849.59, 613.47, 47.9213, 2.17809, 0, 0, 0.886184, 0.463334, 300, 0, 1),
 ( 930982, 113768, 0, 1,1,1689.55, 779.846, 64.8914, 1.54191, 0, 0, 0.696822, 0.717245, 300, 0, 1),
 ( 930983, 113768, 0, 1,1,1816.58, 728.558, 48.9821, 3.65464, 0, 0, 0.967278, -0.253718, 300, 0, 1),
 ( 930984, 113768, 0, 1,1,1823.64, 836.047, 26.0241, 0.092854, 0, 0, 0.0464103, 0.998922, 300, 0, 1),
 ( 930985, 113768, 0, 1,1,1900.74, 874.807, 34.6391, 0.00253344, 0, 0, 0.00126672, 0.999999, 300, 0, 1),
 ( 930986, 113768, 0, 1,1,1833.08, 940.048, 40.4993, 2.7475, 0, 0, 0.980649, 0.195773, 300, 0, 1),
 ( 930987, 113768, 0, 1,1,1772.49, 1009.2, 47.5977, 1.24346, 0, 0, 0.582443, 0.812871, 300, 0, 1),
 ( 930988, 113768, 0, 1,1,1789.78, 1067.32, 45.4533, 1.12565, 0, 0, 0.533579, 0.84575, 300, 0, 1),
 ( 930989, 113768, 0, 1,1,1920.9, 1094.25, 32.1432, 5.22543, 0, 0, 0.504563, -0.863375, 300, 0, 1),
 ( 930990, 113768, 0, 1,1,1999.91, 1041.85, 36.0306, 4.55, 0, 0, 0.762128, -0.647426, 300, 0, 1),
 ( 930991, 113768, 0, 1,1,1914.23, 880.675, 34.7383, 4.01593, 0, 0, 0.905954, -0.423377, 300, 0, 1),
 ( 930992, 113768, 0, 1,1,2059.23, 783.624, 38.018, 4.92699, 0, 0, 0.627314, -0.778766, 300, 0, 1),
 ( 930993, 113768, 0, 1,1,2170.72, 644.999, 35.1021, 5.47283, 0, 0, 0.394181, -0.919033, 300, 0, 1),
 ( 930994, 113768, 0, 1,1,2222.43, 622.821, 25.4952, 4.00414, 0, 0, 0.908435, -0.418026, 300, 0, 1),
 ( 930995, 113768, 0, 1,1,2259.51, 571.578, 35.2067, 6.27393, 0, 0, 0.0046276, -0.999989, 300, 0, 1),
 ( 930996, 113768, 0, 1,1,2437.66, 800.255, 46.4027, 2.05634, 0, 0, 0.856355, 0.516387, 300, 0, 1),
 ( 930997, 113768, 0, 1,1,2433.68, 764.414, 47.9626, 4.11801, 0, 0, 0.883174, -0.469045, 300, 0, 1),
 ( 930998, 113768, 0, 1,1,2267.21, 784.635, 24.7024, 2.93599, 0, 0, 0.99472, 0.102623, 300, 0, 1),
 ( 930999, 113768, 0, 1,1,2261.86, 780.808, 25.7267, 2.09561, 0, 0, 0.866329, 0.499474, 300, 0, 1),
 ( 931000, 113768, 0, 1,1,2367.03, 933.28, 63.9276, 5.92835, 0, 0, 0.176487, -0.984303, 300, 0, 1),
 ( 931001, 113768, 0, 1,1,2540.46, 855.742, 93.1981, 5.50816, 0, 0, 0.377885, -0.925852, 300, 0, 1),
 ( 931002, 113768, 0, 1,1,2735.37, 778.118, 112.895, 5.17044, 0, 0, 0.52811, -0.849176, 300, 0, 1),
 ( 931003, 113768, 0, 1,1,2825.78, 782.413, 113.728, 0.336309, 0, 0, 0.167363, 0.985895, 300, 0, 1),
 ( 931004, 113768, 0, 1,1,2921.58, 874.135, 117.221, 0.803621, 0, 0, 0.391085, 0.920354, 300, 0, 1),
 ( 931005, 113768, 0, 1,1,2990.15, 1011.94, 110.241, 1.44765, 0, 0, 0.662255, 0.749279, 300, 0, 1),
 ( 931006, 113768, 0, 1,1,2978.67, 1118.71, 81.9424, 1.80893, 0, 0, 0.786095, 0.618106, 300, 0, 1),
 ( 931007, 113768, 0, 1,1,2862.03, 1082.66, 117.608, 3.00274, 0, 0, 0.997591, 0.069372, 300, 0, 1),
 ( 931008, 113768, 0, 1,1,2629.45, 1113.58, 95.9845, 2.31944, 0, 0, 0.916691, 0.399596, 300, 0, 1),
 ( 931009, 113768, 0, 1,1,2566.55, 1191.31, 70.4178, 2.16236, 0, 0, 0.882514, 0.470287, 300, 0, 1),
 ( 931010, 113768, 0, 1,1,2551.55, 1352.27, 24.3265, 2.16629, 0, 0, 0.883435, 0.468553, 300, 0, 1),
 ( 931011, 113768, 0, 1,1,2350.82, 1313.41, 33.3336, 3.78028, 0, 0, 0.949441, -0.313944, 300, 0, 1),
 ( 931012, 113768, 0, 1,1,2260.76, 1313.75, 33.8892, 3.8706, 0, 0, 0.9343, -0.356486, 300, 0, 1),
 ( 931013, 113768, 0, 1,1,2264.36, 1393.72, 33.3335, 1.70683, 0, 0, 0.753529, 0.657415, 300, 0, 1),
 ( 931014, 113768, 0, 1,1,2304.94, 1437.45, 33.3335, 0.567999, 0, 0, 0.280197, 0.959942, 300, 0, 1),
 ( 931015, 113768, 0, 1,1,2323.62, 1495.48, 34.1162, 1.58116, 0, 0, 0.710763, 0.703432, 300, 0, 1),
 ( 931016, 113768, 0, 1,1,2280.95, 1583.55, 42.312, 2.53935, 0, 0, 0.955004, 0.296592, 300, 0, 1),
 ( 931017, 113768, 0, 1,1,2457.43, 1587.89, 37.0682, 0.320595, 0, 0, 0.159612, 0.98718, 300, 0, 1),
 ( 931018, 113768, 0, 1,1,2467.9, 1609.2, 36.9111, 5.72413, 0, 0, 0.275899, -0.961187, 300, 0, 1),
 ( 931019, 113768, 0, 1,1,2345.18, 1544.88, 36.857, 3.38758, 0, 0, 0.992446, -0.122683, 300, 0, 1),
 ( 931020, 113768, 0, 1,1,2301.62, 1404.51, 33.3334, 4.58138, 0, 0, 0.751875, -0.659306, 300, 0, 1),
 ( 931021, 113768, 0, 1,1,2277.54, 1151.82, 33.3178, 5.33537, 0, 0, 0.456368, -0.889791, 300, 0, 1),
 ( 931022, 113768, 0, 1,1,2341.78, 1162.46, 35.5455, 5.81446, 0, 0, 0.232223, -0.972663, 300, 0, 1),
 ( 931023, 113768, 0, 1,1,2017.97, 844.675, 35.263, 3.84704, 0, 0, 0.938435, -0.345456, 300, 0, 1),
 ( 931024, 113768, 0, 1,1,1907.29, 678.699, 36.3245, 4.42038, 0, 0, 0.802457, -0.59671, 300, 0, 1),
 ( 931025, 113768, 0, 1,1,2035.41, 519.447, 49.6183, 6.0972, 0, 0, 0.0928587, -0.995679, 300, 0, 1),
 ( 931026, 113768, 0, 1,1,2057.07, 449.907, 52.107, 5.04084, 0, 0, 0.581989, -0.813197, 300, 0, 1),
 ( 931027, 113768, 0, 1,1,2095.8, 631.574, 35.1036, 2.61396, 0, 0, 0.965401, 0.260769, 300, 0, 1),
 ( 931028, 113768, 0, 1,1,2207.34, 1101.8, 34.2612, 2.66501, 0, 0, 0.971742, 0.236044, 300, 0, 1),
 ( 931029, 113768, 0, 1,1,2134.85, 1395.45, 69.2663, 1.62828, 0, 0, 0.727136, 0.686494, 300, 0, 1),
 ( 931030, 113768, 0, 1,1,2130.91, 1506.03, 73.1112, 1.69504, 0, 0, 0.749641, 0.661844, 300, 0, 1),
 ( 931031, 113768, 0, 1,1,2118.72, 1663.95, 76.5578, 1.64399, 0, 0, 0.732505, 0.680762, 300, 0, 1),
 ( 931032, 113768, 0, 1,1,2034.5, 1817.92, 105.298, 1.7618, 0, 0, 0.771312, 0.636458, 300, 0, 1),
 ( 931033, 113768, 0, 1,1,2015.34, 1677.13, 79.6142, 4.15727, 0, 0, 0.873797, -0.48629, 300, 0, 1),
 ( 931034, 113768, 0, 1,1,1909.07, 1683.55, 84.3305, 2.95168, 0, 0, 0.995495, 0.0948115, 300, 0, 1),
 ( 931035, 113768, 0, 1,1,1960.82, 1413.09, 68.1765, 5.1665, 0, 0, 0.529779, -0.848136, 300, 0, 1),
 ( 931036, 113768, 0, 1,1,1881.02, 1389.48, 77.6243, 3.53288, 0, 0, 0.980923, -0.194397, 300, 0, 1),
 ( 931037, 113768, 0, 1,1,1781.55, 1284.36, 113.847, 2.72392, 0, 0, 0.978273, 0.207323, 300, 0, 1),
 ( 931038, 113768, 0, 1,1,1712.25, 1267.47, 131.822, 3.87453, 0, 0, 0.933599, -0.358319, 300, 0, 1),
 ( 931039, 113768, 0, 1,1,1761.44, 1535.88, 114.061, 1.26308, 0, 0, 0.590387, 0.807121, 300, 0, 1),
 ( 931040, 113768, 0, 1,1,1670.67, 1604.52, 135.943, 2.86922, 0, 0, 0.990741, 0.135768, 300, 0, 1),
 ( 931041, 113768, 0, 1,1,1686.6, 1719.74, 142.331, 3.33653, 0, 0, 0.995254, -0.0973131, 300, 0, 1),
 ( 931042, 113768, 0, 1,1,1651.5, 1727.56, 156.045, 1.33376, 0, 0, 0.618538, 0.785755, 300, 0, 1),
 ( 931043, 113768, 0, 1,1,1692.32, 1547.06, 124.757, 4.31828, 0, 0, 0.831861, -0.554984, 300, 0, 1),
 ( 931044, 113768, 0, 1,1,1843.89, 1405.01, 81.0376, 4.88376, 0, 0, 0.643997, -0.765028, 300, 0, 1),
 ( 931045, 113768, 0, 1,1,1925.46, 1279.37, 98.9244, 5.72807, 0, 0, 0.274008, -0.961727, 300, 0, 1),
 ( 931046, 113768, 0, 1,1,2073.4, 1307.24, 67.9327, 5.49245, 0, 0, 0.385148, -0.922855, 300, 0, 1),
 ( 931047, 113768, 0, 1,1,-6288.19, 112.982, 439.179, 2.86136, 0, 0, 0.9902, 0.139656, 300, 0, 1),
 ( 931048, 113768, 0, 1,1,-6183.03, 228.414, 396.067, 2.16628, 0, 0, 0.883433, 0.468557, 300, 0, 1),
 ( 931049, 113768, 0, 1,1,-6065.08, 251.134, 418.546, 5.94796, 0, 0, 0.166827, -0.985986, 300, 0, 1),
 ( 931050, 113768, 0, 1,1,-6139.63, 258.342, 393.521, 2.85349, 0, 0, 0.989643, 0.143551, 300, 0, 1),
 ( 931051, 113768, 0, 1,1,-6068.86, 327.565, 407.178, 0.0928181, 0, 0, 0.0463924, 0.998923, 300, 0, 1),
 ( 931052, 113768, 0, 1,1,-6180.33, 415.955, 396.123, 1.65576, 0, 0, 0.736499, 0.676438, 300, 0, 1),
 ( 931053, 113768, 0, 1,1,-6140.2, 492.021, 393.29, 2.90454, 0, 0, 0.992984, 0.118247, 300, 0, 1),
 ( 931054, 113768, 0, 1,1,-6133.52, 600.391, 392.286, 2.38225, 0, 0, 0.928787, 0.370613, 300, 0, 1),
 ( 931055, 113768, 0, 1,1,-6119.61, 808.269, 403.997, 3.15587, 0, 0, 0.999974, -0.00713955, 300, 0, 1),
 ( 931056, 113768, 0, 1,1,-6215.73, 759.209, 390.251, 3.38756, 0, 0, 0.992447, -0.122675, 300, 0, 1),
 ( 931057, 113768, 0, 1,1,-6360.15, 866.507, 430.771, 2.57468, 0, 0, 0.960094, 0.279678, 300, 0, 1),
 ( 931058, 113768, 0, 1,1,-6420.36, 762.642, 387.393, 5.56311, 0, 0, 0.352307, -0.935884, 300, 0, 1),
 ( 931059, 113768, 0, 1,1,-6356.4, 660.472, 387.836, 5.24503, 0, 0, 0.49608, -0.868277, 300, 0, 1),
 ( 931060, 113768, 0, 1,1,-6522.27, 698.419, 387.615, 3.67423, 0, 0, 0.964746, -0.263182, 300, 0, 1),
 ( 931061, 113768, 0, 1,1,-6563.57, 715.309, 398.239, 3.62318, 0, 0, 0.971149, -0.238474, 300, 0, 1),
 ( 931062, 113768, 0, 1,1,-6512.95, 534.031, 390.746, 4.61278, 0, 0, 0.741432, -0.671028, 300, 0, 1),
 ( 931063, 113768, 0, 1,1,-6484.95, 461.132, 397.519, 4.32611, 0, 0, 0.829681, -0.558238, 300, 0, 1),
 ( 931064, 113768, 0, 1,1,-6428.03, 344.947, 394.006, 4.08657, 0, 0, 0.890439, -0.455103, 300, 0, 1),
 ( 931065, 113768, 0, 1,1,-6436.35, 325.556, 401.094, 5.5317, 0, 0, 0.366966, -0.930234, 300, 0, 1),
 ( 931066, 113768, 0, 1,1,-6364.47, 279.648, 383.508, 5.39425, 0, 0, 0.429978, -0.902839, 300, 0, 1),
 ( 931067, 113768, 0, 1,1,-6402.68, 242.184, 400.49, 3.63888, 0, 0, 0.969247, -0.246092, 300, 0, 1),
 ( 931068, 113768, 0, 1,1,-6303.34, 173.073, 433.363, 6.09326, 0, 0, 0.0948189, -0.995495, 300, 0, 1),
 ( 931069, 113768, 0, 1,1,-6305.21, 406.1, 381.797, 1.82462, 0, 0, 0.79092, 0.61192, 300, 0, 1),
 ( 931070, 113768, 0, 1,1,-6389.2, 527.706, 383.88, 1.46334, 0, 0, 0.668112, 0.744061, 300, 0, 1),
 ( 931071, 113768, 0, 1,1,-6366.29, 676.567, 386.596, 6.15609, 0, 0, 0.0635043, -0.997982, 300, 0, 1),
 ( 931072, 113768, 0, 1,1,-6332.5, 716.047, 384.689, 0.210629, 0, 0, 0.10512, 0.99446, 300, 0, 1),
 ( 931073, 113768, 0, 1,1,-6318.78, 571.926, 386.9, 4.05123, 0, 0, 0.898341, -0.439299, 300, 0, 1),
 ( 931074, 113768, 0, 1,1,-6342.62, 442.005, 380.589, 4.46356, 0, 0, 0.789388, -0.613895, 300, 0, 1),
 ( 931075, 113768, 0, 1,1,-6277.84, 291.683, 381.575, 1.21593, 0, 0, 0.571199, 0.820811, 300, 0, 1),
 ( 931076, 113768, 0, 1,1,-6208.13, 133.672, 436.971, 3.65852, 0, 0, 0.966783, -0.255597, 300, 0, 1),
 ( 931077, 113768, 0, 1,1,-5978.09, 49.8612, 400.123, 3.03806, 0, 0, 0.99866, 0.0517438, 300, 0, 1),
 ( 931078, 113768, 0, 1,1,-5923.73, 101.895, 399.456, 0.697571, 0, 0, 0.341757, 0.939788, 300, 0, 1),
 ( 931079, 113768, 0, 1,1,-5802.32, 38.1274, 362.085, 5.59846, 0, 0, 0.335716, -0.941963, 300, 0, 1),
 ( 931080, 113768, 0, 1,1,-5875.8, -54.2013, 365.904, 5.02511, 0, 0, 0.588365, -0.808595, 300, 0, 1),
 ( 931081, 113768, 0, 1,1,-6008.25, -138.647, 409.704, 4.3536, 0, 0, 0.821931, -0.569587, 300, 0, 1),
 ( 931082, 113768, 0, 1,1,-6104.32, -149.303, 436.437, 2.02097, 0, 0, 0.847089, 0.531451, 300, 0, 1),
 ( 931083, 113768, 0, 1,1,-6097.93, -128.318, 439.312, 0.587616, 0, 0, 0.289599, 0.957148, 300, 0, 1),
 ( 931084, 113768, 0, 1,1,-6146.76, -187.82, 438.258, 3.43076, 0, 0, 0.989566, -0.144079, 300, 0, 1),
 ( 931085, 113768, 0, 1,1,-6000.12, -373.979, 416.452, 3.97268, 0, 0, 0.914897, -0.403687, 300, 0, 1),
 ( 931086, 113768, 0, 1,1,-6075.78, -411.196, 430.089, 2.87705, 0, 0, 0.991265, 0.131887, 300, 0, 1),
 ( 931087, 113768, 0, 1,1,-6013.34, -498.363, 414.224, 0.391261, 0, 0, 0.194385, 0.980925, 300, 0, 1),
 ( 931088, 113768, 0, 1,1,-5939.39, -511.523, 410.76, 0.501215, 0, 0, 0.247993, 0.968762, 300, 0, 1),
 ( 931089, 113768, 0, 1,1,-5791.52, -291.164, 357.343, 0.984234, 0, 0, 0.472493, 0.881335, 300, 0, 1),
 ( 931090, 113768, 0, 1,1,-5661.46, -252.405, 372.177, 0.273448, 0, 0, 0.136299, 0.990668, 300, 0, 1),
 ( 931091, 113768, 0, 1,1,-5807.32, -139.961, 354.88, 1.91886, 0, 0, 0.818864, 0.573988, 300, 0, 1),
 ( 931092, 113768, 0, 1,1,-5872.58, 57.2016, 360.21, 1.69109, 0, 0, 0.748333, 0.663323, 300, 0, 1),
 ( 931093, 113768, 0, 1,1,-5784.5, 80.2337, 361.722, 6.17179, 0, 0, 0.0556693, -0.998449, 300, 0, 1),
 ( 931094, 113768, 0, 1,1,-5732.14, 169.602, 369.313, 0.827154, 0, 0, 0.401887, 0.915689, 300, 0, 1),
 ( 931095, 113768, 0, 1,1,-5816.93, 272.009, 385.212, 1.32195, 0, 0, 0.613889, 0.789393, 300, 0, 1),
 ( 931096, 113768, 0, 1,1,-5790.09, 295.464, 382.802, 0.304864, 0, 0, 0.151842, 0.988405, 300, 0, 1),
 ( 931097, 113768, 0, 1,1,-5698.8, 229.59, 372.87, 5.84585, 0, 0, 0.216931, -0.976187, 300, 0, 1),
 ( 931098, 113768, 0, 1,1,-5678.47, 297.304, 387.116, 1.212, 0, 0, 0.569583, 0.821934, 300, 0, 1),
 ( 931099, 113768, 0, 1,1,-5584.85, 416.447, 380.413, 0.968524, 0, 0, 0.465555, 0.885019, 300, 0, 1),
 ( 931100, 113768, 0, 1,1,-5717.83, 549.533, 392.973, 2.85741, 0, 0, 0.989922, 0.141615, 300, 0, 1),
 ( 931101, 113768, 0, 1,1,-5600.89, 552.538, 390.496, 0.206689, 0, 0, 0.103161, 0.994665, 300, 0, 1),
 ( 931102, 113768, 0, 1,1,-5387.11, 571.991, 390.983, 0.253812, 0, 0, 0.126565, 0.991958, 300, 0, 1),
 ( 931103, 113768, 0, 1,1,-5302.91, 435.852, 385.386, 4.00016, 0, 0, 0.909263, -0.416221, 300, 0, 1),
 ( 931104, 113768, 0, 1,1,-5235.37, 471.388, 384.787, 0.297007, 0, 0, 0.147958, 0.988994, 300, 0, 1),
 ( 931105, 113768, 0, 1,1,-5093.82, 514.986, 407.3, 0.556189, 0, 0, 0.274524, 0.96158, 300, 0, 1),
 ( 931106, 113768, 0, 1,1,-5032.85, 433.164, 423.485, 3.89021, 0, 0, 0.93076, -0.36563, 300, 0, 1),
 ( 931107, 113768, 0, 1,1,-5031.79, 379.515, 425.073, 5.44922, 0, 0, 0.405003, -0.914315, 300, 0, 1),
 ( 931108, 113768, 0, 1,1,-5243.88, 290.495, 394.366, 3.16371, 0, 0, 0.999939, -0.0110591, 300, 0, 1),
 ( 931109, 113768, 0, 1,1,-5325.21, 142.892, 388.992, 4.81697, 0, 0, 0.669181, -0.743099, 300, 0, 1),
 ( 931110, 113768, 0, 1,1,-5308.42, 163.219, 391.25, 0.874271, 0, 0, 0.423346, 0.905968, 300, 0, 1),
 ( 931111, 113768, 0, 1,1,-5100.15, 43.9004, 393.48, 5.00154, 0, 0, 0.597854, -0.801605, 300, 0, 1),
 ( 931112, 113768, 0, 1,1,-4982.11, -58.2355, 387.288, 5.97151, 0, 0, 0.155209, -0.987882, 300, 0, 1),
 ( 931113, 113768, 0, 1,1,-4855.18, -243.162, 396.174, 5.19789, 0, 0, 0.516404, -0.856345, 300, 0, 1),
 ( 931114, 113768, 0, 1,1,-5082.43, -359.135, 395.203, 3.31687, 0, 0, 0.996162, -0.0875246, 300, 0, 1),
 ( 931115, 113768, 0, 1,1,-5152.11, -365.309, 393.181, 2.93595, 0, 0, 0.994718, 0.102643, 300, 0, 1),
 ( 931116, 113768, 0, 1,1,-5270.77, -358.753, 411.95, 1.42013, 0, 0, 0.651882, 0.758321, 300, 0, 1),
 ( 931117, 113768, 0, 1,1,-5249.4, -248.878, 387.754, 1.08633, 0, 0, 0.516849, 0.856077, 300, 0, 1),
 ( 931118, 113768, 0, 1,1,-5127.86, -264.329, 397.616, 1.00779, 0, 0, 0.48284, 0.875709, 300, 0, 1),
 ( 931119, 113768, 0, 1,1,-5072.32, -169.688, 442.98, 5.95187, 0, 0, 0.164899, -0.98631, 300, 0, 1),
 ( 931120, 113768, 0, 1,1,-5032.84, -246.338, 445.099, 5.57881, 0, 0, 0.344953, -0.93862, 300, 0, 1),
 ( 931121, 113768, 0, 1,1,-5049.3, -297.89, 442.092, 5.7241, 0, 0, 0.275916, -0.961182, 300, 0, 1),
 ( 931122, 113768, 0, 1,1,-5350.49, -228.858, 442.136, 2.76629, 0, 0, 0.982445, 0.186552, 300, 0, 1),
 ( 931123, 113768, 0, 1,1,-5564.9, 99.3786, 483.02, 2.47177, 0, 0, 0.944439, 0.328688, 300, 0, 1),
 ( 931124, 113768, 0, 1,1,-5626.92, -58.0185, 417.702, 4.97326, 0, 0, 0.60913, -0.79307, 300, 0, 1),
 ( 931125, 113768, 0, 1,1,-5634.96, -369.482, 392.367, 4.28212, 0, 0, 0.841759, -0.539853, 300, 0, 1),
 ( 931126, 113768, 0, 1,1,-5762.41, -600.365, 397.656, 3.95618, 0, 0, 0.918197, -0.396124, 300, 0, 1),
 ( 931127, 113768, 0, 1,1,-5831.23, -644.758, 398.886, 4.07791, 0, 0, 0.8924, -0.451245, 300, 0, 1),
 ( 931128, 113768, 0, 1,1,-5822.96, -801.219, 399.066, 4.64733, 0, 0, 0.729731, -0.683734, 300, 0, 1),
 ( 931129, 113768, 0, 1,1,-5739.46, -948.343, 397.552, 5.31492, 0, 0, 0.465442, -0.885079, 300, 0, 1),
 ( 931130, 113768, 0, 1,1,-5403.71, -864.47, 392.921, 0.983449, 0, 0, 0.472147, 0.88152, 300, 0, 1),
 ( 931131, 113768, 0, 1,1,-5289.77, -570.737, 386.672, 5.52305, 0, 0, 0.370982, -0.92864, 300, 0, 1),
 ( 931132, 113768, 0, 1,1,-5279.64, -856.24, 417.933, 5.44452, 0, 0, 0.407153, -0.91336, 300, 0, 1),
 ( 931133, 113768, 0, 1,1,-5504.82, -993.237, 396.091, 3.54386, 0, 0, 0.979841, -0.19978, 300, 0, 1),
 ( 931134, 113768, 0, 1,1,-5578.15, -1146.27, 403.859, 4.58293, 0, 0, 0.751365, -0.659887, 300, 0, 1),
 ( 931135, 113768, 0, 1,1,-5712.31, -1076.25, 397.896, 2.2071, 0, 0, 0.892812, 0.450429, 300, 0, 1),
 ( 931136, 113768, 0, 1,1,-5826.19, -894.251, 397.531, 2.27386, 0, 0, 0.907347, 0.420382, 300, 0, 1),
 ( 931137, 113768, 0, 1,1,-5868.9, -1015.78, 401.342, 1.90315, 0, 0, 0.814331, 0.580401, 300, 0, 1),
 ( 931138, 113768, 0, 1,1,-5938.5, -1084.41, 397.628, 2.07987, 0, 0, 0.86237, 0.506278, 300, 0, 1),
 ( 931139, 113768, 0, 1,1,-5909.69, -1156.49, 389.839, 5.70841, 0, 0, 0.28345, -0.958987, 300, 0, 1),
 ( 931140, 113768, 0, 1,1,-5871.45, -1235.97, 396.747, 4.90809, 0, 0, 0.634643, -0.772805, 300, 0, 1),
 ( 931141, 113768, 0, 1,1,-5879.45, -1341.77, 394.521, 4.78243, 0, 0, 0.681916, -0.731431, 300, 0, 1),
 ( 931142, 113768, 0, 1,1,-5690.81, -1345.69, 395.859, 5.81366, 0, 0, 0.232613, -0.972569, 300, 0, 1),
 ( 931143, 113768, 0, 1,1,-5561.65, -1422.97, 400.241, 0.158791, 0, 0, 0.079312, 0.99685, 300, 0, 1),
 ( 931144, 113768, 0, 1,1,-5461.2, -1403.48, 426.308, 5.11073, 0, 0, 0.553224, -0.833033, 300, 0, 1),
 ( 931145, 113768, 0, 1,1,-5591.38, -1522.2, 400.989, 3.58706, 0, 0, 0.975298, -0.220895, 300, 0, 1),
 ( 931146, 113768, 0, 1,1,-5838.69, -1591.13, 361.918, 4.85155, 0, 0, 0.656236, -0.754556, 300, 0, 1),
 ( 931147, 113768, 0, 1,1,-5863.62, -1443.52, 399.829, 1.31726, 0, 0, 0.612033, 0.790832, 300, 0, 1),
 ( 931148, 113768, 0, 1,1,-5941.95, -1787.81, 430.835, 4.38424, 0, 0, 0.813109, -0.582111, 300, 0, 1),
 ( 931149, 113768, 0, 1,1,-5915.36, -1923.35, 405.054, 4.19182, 0, 0, 0.865267, -0.501312, 300, 0, 1),
 ( 931150, 113768, 0, 1,1,-5906.31, -2058.29, 414.537, 4.62379, 0, 0, 0.737726, -0.6751, 300, 0, 1),
 ( 931151, 113768, 0, 1,1,-5800.28, -2025.67, 402.761, 0.00957441, 0, 0, 0.00478719, 0.999989, 300, 0, 1),
 ( 931152, 113768, 0, 1,1,-5737, -2088.91, 400.662, 0.245195, 0, 0, 0.12229, 0.992494, 300, 0, 1),
 ( 931153, 113768, 0, 1,1,-5713.13, -1930.1, 398.65, 1.47042, 0, 0, 0.670741, 0.741691, 300, 0, 1),
 ( 931154, 113768, 0, 1,1,-5620.88, -1624.2, 398.084, 1.04237, 0, 0, 0.49791, 0.867229, 300, 0, 1),
 ( 931155, 113768, 0, 1,1,-5494.83, -1432.45, 410.425, 1.15626, 0, 0, 0.546457, 0.837487, 300, 0, 1),
 ( 931156, 113768, 0, 1,1,-5471.15, -1359.21, 420.474, 0.959907, 0, 0, 0.461738, 0.887016, 300, 0, 1),
 ( 931157, 113768, 0, 1,1,-5499.01, -1328.62, 397.516, 1.20731, 0, 0, 0.567653, 0.823268, 300, 0, 1),
 ( 931158, 113768, 0, 1,1,-5642.03, -1711.8, 399.459, 4.13291, 0, 0, 0.879655, -0.475613, 300, 0, 1),
 ( 931159, 113768, 0, 1,1,-5675.64, -1796.9, 400.299, 4.38424, 0, 0, 0.813108, -0.582112, 300, 0, 1),
 ( 931160, 113768, 0, 1,1,-5644.09, -2123.55, 400.492, 5.20105, 0, 0, 0.515052, -0.857159, 300, 0, 1),
 ( 931161, 113768, 0, 1,1,-5617.88, -2238.69, 425.093, 4.96935, 0, 0, 0.610678, -0.791879, 300, 0, 1),
 ( 931162, 113768, 0, 1,1,-5659.76, -2245.87, 425.327, 2.67128, 0, 0, 0.972478, 0.232996, 300, 0, 1),
 ( 931163, 113768, 0, 1,1,-5540.66, -2122.12, 419.72, 5.37698, 0, 0, 0.437759, -0.899092, 300, 0, 1),
 ( 931164, 113768, 0, 1,1,-5432.77, -2179.49, 400.829, 3.66873, 0, 0, 0.965466, -0.26053, 300, 0, 1),
 ( 931165, 113768, 0, 1,1,-5300.39, -2203.07, 424.785, 5.85214, 0, 0, 0.21386, -0.976864, 300, 0, 1),
 ( 931166, 113768, 0, 1,1,-5283.16, -2102.51, 425.413, 1.81126, 0, 0, 0.786815, 0.617189, 300, 0, 1),
 ( 931167, 113768, 0, 1,1,-5313.95, -2093.88, 426.105, 1.60706, 0, 0, 0.71981, 0.694171, 300, 0, 1),
 ( 931168, 113768, 1, 1,1,16212, 16279.5, 12.5919, 5.18436, 0, 0, 0.522185, -0.852832, 300, 0, 1),
 ( 931169, 113768, 1, 1,1,16275, 16235.4, 30.0061, 5.87551, 0, 0, 0.202427, -0.979297, 300, 0, 1),
 ( 931170, 113768, 1, 1,1,16301.7, 16308.2, 7.53675, 3.7942, 0, 0, 0.947233, -0.320545, 300, 0, 1),
 ( 931171, 113768, 1, 1,1,16245.4, 16348.5, 15.9066, 2.64752, 0, 0, 0.969642, 0.244531, 300, 0, 1),
 ( 931172, 113768, 1, 1,1,16197.7, 16317.4, 20.6887, 3.70388, 0, 0, 0.960738, -0.277456, 300, 0, 1),
 ( 931173, 113768, 530, 1,1,9065.66, -7206.42, 64.6862, 5.06632, 0, 0, 0.57158, -0.820546, 300, 0, 1),
 ( 931174, 113768, 530, 1,1,9120.16, -7270.75, 45.5329, 4.64221, 0, 0, 0.73148, -0.681863, 300, 0, 1),
 ( 931175, 113768, 530, 1,1,9060.34, -7335.52, 68.2376, 4.61472, 0, 0, 0.740781, -0.671747, 300, 0, 1),
 ( 931176, 113768, 530, 1,1,8927.76, -7408.41, 74.8064, 3.71151, 0, 0, 0.959673, -0.28112, 300, 0, 1),
 ( 931177, 113768, 530, 1,1,8879.81, -7537.46, 106.166, 3.98641, 0, 0, 0.912105, -0.409957, 300, 0, 1),
 ( 931178, 113768, 530, 1,1,8980.23, -7673.63, 144.924, 5.47866, 0, 0, 0.3915, -0.920178, 300, 0, 1),
 ( 931179, 113768, 530, 1,1,9107.37, -7573.71, 102.726, 5.66716, 0, 0, 0.303167, -0.952937, 300, 0, 1),
 ( 931180, 113768, 530, 1,1,9096.36, -7650.37, 120.505, 4.85034, 0, 0, 0.65669, -0.75416, 300, 0, 1),
 ( 931181, 113768, 530, 1,1,9004.44, -7778.68, 180.548, 1.97186, 0, 0, 0.833787, 0.552087, 300, 0, 1),
 ( 931182, 113768, 530, 1,1,9016.24, -7879.63, 145.47, 5.21948, 0, 0, 0.507131, -0.861869, 300, 0, 1),
 ( 931183, 113768, 530, 1,1,9011.68, -8006.43, 148.98, 0.848741, 0, 0, 0.411747, 0.911298, 300, 0, 1),
 ( 931184, 113768, 530, 1,1,9312.39, -7824.44, 69.9705, 3.23636, 0, 0, 0.998878, -0.0473637, 300, 0, 1),
 ( 931185, 113768, 530, 1,1,9379.14, -8063.9, 2.50384, 4.44587, 0, 0, 0.794787, -0.606888, 300, 0, 1),
 ( 931186, 113768, 530, 1,1,9319, -8054.64, 1.46664, 2.34493, 0, 0, 0.92171, 0.387881, 300, 0, 1),
 ( 931187, 113768, 530, 1,1,9358.03, -7943.31, 7.48172, 1.8462, 0, 0, 0.797477, 0.60335, 300, 0, 1),
 ( 931188, 113768, 530, 1,1,9594.05, -8011.06, 3.43576, 6.23265, 0, 0, 0.0252658, -0.999681, 300, 0, 1),
 ( 931189, 113768, 530, 1,1,9733.11, -7972.71, 2.43887, 0.137957, 0, 0, 0.0689239, 0.997622, 300, 0, 1),
 ( 931190, 113768, 530, 1,1,9772.63, -7905.07, 12.6981, 1.88547, 0, 0, 0.809168, 0.587578, 300, 0, 1),
 ( 931191, 113768, 530, 1,1,9850.48, -7887.46, 36.6732, 0.141884, 0, 0, 0.0708827, 0.997485, 300, 0, 1),
 ( 931192, 113768, 530, 1,1,9519.11, -7957.42, 5.62917, 3.6212, 0, 0, 0.971385, -0.237512, 300, 0, 1),
 ( 931193, 113768, 530, 1,1,9520.06, -7936.38, 11.5575, 3.27562, 0, 0, 0.997755, -0.0669654, 300, 0, 1),
 ( 931194, 113768, 530, 1,1,9514.28, -7817.92, 34.8286, 6.20123, 0, 0, 0.0409654, -0.999161, 300, 0, 1),
 ( 931195, 113768, 530, 1,1,9403.58, -7744.76, 74.3419, 3.8686, 0, 0, 0.934657, -0.355551, 300, 0, 1),
 ( 931196, 113768, 530, 1,1,9171, -7833.31, 102.291, 2.95361, 0, 0, 0.995586, 0.0938534, 300, 0, 1),
 ( 931197, 113768, 530, 1,1,9181.27, -7695.35, 145.158, 0.322525, 0, 0, 0.160564, 0.987025, 300, 0, 1),
 ( 931198, 113768, 530, 1,1,9157.9, -7573.18, 93.1157, 0.848741, 0, 0, 0.411747, 0.911298, 300, 0, 1),
 ( 931199, 113768, 530, 1,1,9341.52, -7489.45, 28.7599, 5.95383, 0, 0, 0.163933, -0.986471, 300, 0, 1),
 ( 931200, 113768, 530, 1,1,9244.13, -7534.4, 35.1195, 2.6748, 0, 0, 0.972886, 0.231284, 300, 0, 1),
 ( 931201, 113768, 530, 1,1,9381.57, -7380.07, 15.0207, 1.2493, 0, 0, 0.584813, 0.811168, 300, 0, 1),
 ( 931202, 113768, 530, 1,1,9292.8, -7255.77, 18.254, 1.76766, 0, 0, 0.773174, 0.634194, 300, 0, 1),
 ( 931203, 113768, 530, 1,1,9252.12, -7136.8, 17.9741, 2.39598, 0, 0, 0.931309, 0.36423, 300, 0, 1),
 ( 931204, 113768, 530, 1,1,9338.8, -7070.66, 15.6133, 0.346092, 0, 0, 0.172183, 0.985065, 300, 0, 1),
 ( 931205, 113768, 530, 1,1,9316.09, -6861.88, 17.1152, 1.28857, 0, 0, 0.600627, 0.799529, 300, 0, 1),
 ( 931206, 113768, 530, 1,1,9230.71, -6814.55, 22.8164, 3.52303, 0, 0, 0.981868, -0.189564, 300, 0, 1),
 ( 931207, 113768, 530, 1,1,9138.1, -6851.55, 20.1095, 2.02685, 0, 0, 0.848648, 0.528958, 300, 0, 1),
 ( 931208, 113768, 530, 1,1,9100.82, -6873.43, 19.7277, 3.08321, 0, 0, 0.999574, 0.0291881, 300, 0, 1),
 ( 931209, 113768, 530, 1,1,9109.26, -6732.29, 20.0107, 1.70091, 0, 0, 0.75158, 0.659642, 300, 0, 1),
 ( 931210, 113768, 530, 1,1,9128.55, -6674.69, 25.2768, 0.275408, 0, 0, 0.137269, 0.990534, 300, 0, 1),
 ( 931211, 113768, 530, 1,1,9286.58, -6640.9, 23.4123, 6.24051, 0, 0, 0.0213372, -0.999772, 300, 0, 1),
 ( 931212, 113768, 530, 1,1,9299.98, -6588.29, 36.8622, 0.813407, 0, 0, 0.395584, 0.91843, 300, 0, 1),
 ( 931213, 113768, 530, 1,1,9357.45, -6467.43, 49.1557, 1.90904, 0, 0, 0.816036, 0.578001, 300, 0, 1),
 ( 931214, 113768, 530, 1,1,9185.38, -6383.82, -4.85119, 0.16938, 0, 0, 0.0845888, 0.996416, 300, 0, 1),
 ( 931215, 113768, 530, 1,1,9215.82, -6419.33, 5.24745, 3.95501, 0, 0, 0.918429, -0.395587, 300, 0, 1),
 ( 931216, 113768, 530, 1,1,9179.83, -6318.12, 12.0719, 1.53598, 0, 0, 0.69469, 0.719309, 300, 0, 1),
 ( 931217, 113768, 530, 1,1,9210.39, -6206.49, 21.8952, 1.70091, 0, 0, 0.751581, 0.65964, 300, 0, 1),
 ( 931218, 113768, 530, 1,1,9293.7, -6083.81, 15.5105, 0.872317, 0, 0, 0.422461, 0.906381, 300, 0, 1),
 ( 931219, 113768, 530, 1,1,9297.61, -5971.85, 8.39363, 1.49278, 0, 0, 0.678994, 0.734144, 300, 0, 1),
 ( 931220, 113768, 530, 1,1,9267.5, -5967.06, 13.0775, 1.66557, 0, 0, 0.739808, 0.672818, 300, 0, 1),
 ( 931221, 113768, 530, 1,1,9138.84, -5840.48, 2.39585, 2.38814, 0, 0, 0.929873, 0.36788, 300, 0, 1),
 ( 931222, 113768, 530, 1,1,9045.86, -5908.85, 2.9623, 3.4602, 0, 0, 0.987338, -0.158633, 300, 0, 1),
 ( 931223, 113768, 530, 1,1,8973.51, -5789.98, 4.32524, 3.67619, 0, 0, 0.964488, -0.264127, 300, 0, 1),
 ( 931224, 113768, 530, 1,1,8944.41, -5970.55, 8.80617, 2.019, 0, 0, 0.846566, 0.532284, 300, 0, 1),
 ( 931225, 113768, 530, 1,1,8980.93, -6114.82, 31.7631, 0.145812, 0, 0, 0.0728417, 0.997344, 300, 0, 1),
 ( 931226, 113768, 530, 1,1,9135.33, -6173.58, 37.1786, 5.9774, 0, 0, 0.152296, -0.988335, 300, 0, 1),
 ( 931227, 113768, 530, 1,1,9175.52, -6262.49, 23.7071, 4.56762, 0, 0, 0.756395, -0.654115, 300, 0, 1),
 ( 931228, 113768, 530, 1,1,8984.95, -6310.97, 6.83154, 3.66441, 0, 0, 0.966027, -0.25844, 300, 0, 1),
 ( 931229, 113768, 530, 1,1,9139.5, -7159.29, 29.0605, 3.27171, 0, 0, 0.997884, -0.0650149, 300, 0, 1),
 ( 931230, 113768, 530, 1,1,8996.17, -7228.89, 80.747, 3.81364, 0, 0, 0.944073, -0.329735, 300, 0, 1),
 ( 931231, 113768, 530, 1,1,8888.95, -7092.42, 27.4114, 2.03864, 0, 0, 0.851751, 0.523946, 300, 0, 1),
 ( 931232, 113768, 530, 1,1,8737.07, -7171.63, 43.3781, 3.00468, 0, 0, 0.997658, 0.0684042, 300, 0, 1),
 ( 931233, 113768, 530, 1,1,8669.84, -7360.74, 113.7, 4.34378, 0, 0, 0.824718, -0.565544, 300, 0, 1),
 ( 931234, 113768, 530, 1,1,8705.55, -7450.58, 110.901, 5.07027, 0, 0, 0.569962, -0.821671, 300, 0, 1),
 ( 931235, 113768, 530, 1,1,8572.94, -7544, 129.276, 4.10423, 0, 0, 0.886386, -0.462948, 300, 0, 1),
 ( 931236, 113768, 530, 1,1,8443.38, -7633.56, 156.322, 2.78869, 0, 0, 0.984472, 0.175539, 300, 0, 1),
 ( 931237, 113768, 530, 1,1,8434.48, -7760.04, 144.693, 4.54012, 0, 0, 0.765316, -0.643655, 300, 0, 1),
 ( 931238, 113768, 530, 1,1,8374.42, -7826.23, 150.079, 2.76512, 0, 0, 0.982336, 0.187125, 300, 0, 1),
 ( 931239, 113768, 530, 1,1,8245.15, -7765.99, 154.122, 3.60157, 0, 0, 0.973669, -0.227967, 300, 0, 1),
 ( 931240, 113768, 530, 1,1,8233.84, -7848.34, 177.652, 3.97856, 0, 0, 0.913705, -0.406377, 300, 0, 1),
 ( 931241, 113768, 530, 1,1,8092.71, -7783.53, 164.201, 2.43918, 0, 0, 0.938959, 0.344029, 300, 0, 1),
 ( 931242, 113768, 530, 1,1,8290.84, -8020.83, 221.025, 5.73392, 0, 0, 0.271193, -0.962525, 300, 0, 1),
 ( 931243, 113768, 530, 1,1,8444.86, -8044.54, 173.672, 5.23912, 0, 0, 0.498642, -0.866808, 300, 0, 1),
 ( 931244, 113768, 530, 1,1,8626.04, -7995.96, 158.925, 0.2754, 0, 0, 0.137265, 0.990534, 300, 0, 1),
 ( 931245, 113768, 530, 1,1,8776.61, -7991.15, 172.127, 0.428553, 0, 0, 0.21264, 0.977131, 300, 0, 1),
 ( 931246, 113768, 530, 1,1,8768.29, -7834.96, 173.174, 1.3671, 0, 0, 0.631551, 0.775334, 300, 0, 1),
 ( 931247, 113768, 530, 1,1,8809.29, -7690.86, 141.496, 1.86976, 0, 0, 0.804528, 0.593915, 300, 0, 1),
 ( 931248, 113768, 530, 1,1,8917.05, -7420.81, 78.7978, 1.10792, 0, 0, 0.52606, 0.850447, 300, 0, 1),
 ( 931249, 113768, 530, 1,1,8573.34, -7200.78, 121.774, 2.63788, 0, 0, 0.968451, 0.249203, 300, 0, 1),
 ( 931250, 113768, 530, 1,1,8726.83, -7116.56, 64.7134, 2.45331, 0, 0, 0.941365, 0.337389, 300, 0, 1),
 ( 931251, 113768, 530, 1,1,8742.53, -7113.06, 36.6715, 4.80165, 0, 0, 0.674853, -0.737952, 300, 0, 1),
 ( 931252, 113768, 530, 1,1,8796.26, -6928.37, 38.9296, 0.91786, 0, 0, 0.442989, 0.896527, 300, 0, 1),
 ( 931253, 113768, 530, 1,1,8906.47, -6867.54, 36.9503, 0.525161, 0, 0, 0.259573, 0.965723, 300, 0, 1),
 ( 931254, 113768, 530, 1,1,9013.23, -6868.64, 25.5608, 0.171731, 0, 0, 0.0857601, 0.996316, 300, 0, 1),
 ( 931255, 113768, 530, 1,1,9016.05, -6694.7, 4.34016, 1.7386, 0, 0, 0.763878, 0.645361, 300, 0, 1),
 ( 931256, 113768, 530, 1,1,8920.68, -6590.7, 34.6874, 1.96636, 0, 0, 0.832266, 0.554377, 300, 0, 1),
 ( 931257, 113768, 530, 1,1,8967.03, -6445.96, 9.12645, 0.521231, 0, 0, 0.257675, 0.966232, 300, 0, 1),
 ( 931258, 113768, 530, 1,1,8925.23, -6394.76, 9.76481, 1.26343, 0, 0, 0.590531, 0.807015, 300, 0, 1),
 ( 931259, 113768, 530, 1,1,8787.19, -6582.73, 57.669, 4.99015, 0, 0, 0.602412, -0.798186, 300, 0, 1),
 ( 931260, 113768, 530, 1,1,8644.86, -6550.69, 83.9313, 2.86172, 0, 0, 0.990225, 0.139481, 300, 0, 1),
 ( 931262, 113768, 530, 1,1,8646.15, -6432.86, 65.5343, 1.82892, 0, 0, 0.792233, 0.610219, 300, 0, 1),
 ( 931265, 113768, 530, 1,1,8576.22, -6312.46, 63.8846, 1.91531, 0, 0, 0.817845, 0.575438, 300, 0, 1),
 ( 931266, 113768, 530, 1,1,8665.14, -6298.6, 54.5481, 0.214925, 0, 0, 0.107256, 0.994231, 300, 0, 1),
 ( 931267, 113768, 530, 1,1,8670.28, -6224.76, 58.955, 2.10381, 0, 0, 0.868369, 0.495919, 300, 0, 1),
 ( 931268, 113768, 530, 1,1,8742.34, -6073.54, 12.7348, 5.35536, 0, 0, 0.447452, -0.894308, 300, 0, 1),
 ( 931269, 113768, 530, 1,1,8804.64, -5968.83, 5.2224, 1.20845, 0, 0, 0.568126, 0.822942, 300, 0, 1),
 ( 931270, 113768, 530, 1,1,8806.48, -6027.37, 5.79663, 4.58174, 0, 0, 0.751757, -0.65944, 300, 0, 1),
 ( 931271, 113768, 530, 1,1,8790.1, -5883.03, 12.1411, 0.199216, 0, 0, 0.0994434, 0.995043, 300, 0, 1),
 ( 931272, 113768, 530, 1,1,8803.29, -5809.75, 10.4319, 1.46763, 0, 0, 0.669709, 0.742623, 300, 0, 1),
 ( 931273, 113768, 530, 1,1,8643.33, -5708.07, 3.88595, 3.09341, 0, 0, 0.99971, 0.0240895, 300, 0, 1),
 ( 931274, 113768, 530, 1,1,8519.26, -5691.68, 9.72888, 2.83815, 0, 0, 0.988513, 0.151138, 300, 0, 1),
 ( 931275, 113768, 530, 1,1,8327.08, -5712.42, 4.3763, 3.41542, 0, 0, 0.990642, -0.136488, 300, 0, 1),
 ( 931276, 113768, 530, 1,1,8327.48, -5919.28, 13.1133, 4.63279, 0, 0, 0.734681, -0.678412, 300, 0, 1),
 ( 931277, 113768, 530, 1,1,8224.03, -6067.1, 19.9123, 4.55033, 0, 0, 0.762022, -0.647551, 300, 0, 1),
 ( 931278, 113768, 530, 1,1,8265.74, -6221.56, 53.5113, 5.35928, 0, 0, 0.445696, -0.895185, 300, 0, 1),
 ( 931279, 113768, 530, 1,1,8303.65, -6371.51, 85.6333, 4.46786, 0, 0, 0.788068, -0.615588, 300, 0, 1),
 ( 931280, 113768, 530, 1,1,8251.26, -6379.85, 79.2065, 4.26758, 0, 0, 0.845661, -0.53372, 300, 0, 1),
 ( 931281, 113768, 530, 1,1,8220.51, -6470.63, 79.8192, 4.36968, 0, 0, 0.817324, -0.576179, 300, 0, 1),
 ( 931282, 113768, 530, 1,1,8227.64, -6642.47, 84.8656, 4.82914, 0, 0, 0.664649, -0.747156, 300, 0, 1),
 ( 931283, 113768, 530, 1,1,8253.81, -6728.57, 98.1177, 5.697, 0, 0, 0.288913, -0.957355, 300, 0, 1),
 ( 931284, 113768, 530, 1,1,8325.7, -6774.73, 123.166, 5.2022, 0, 0, 0.514557, -0.857456, 300, 0, 1),
 ( 931285, 113768, 530, 1,1,8492.9, -6806.82, 123.026, 2.51614, 0, 0, 0.951498, 0.307656, 300, 0, 1),
 ( 931286, 113768, 530, 1,1,8769.12, -6723.21, 81.9662, 1.25557, 0, 0, 0.587354, 0.80933, 300, 0, 1),
 ( 931287, 113768, 530, 1,1,8796.17, -6515.37, 55.4595, 0.929631, 0, 0, 0.448258, 0.893904, 300, 0, 1),
 ( 931288, 113768, 530, 1,1,8753.76, -6483.01, 57.3553, 2.95596, 0, 0, 0.995696, 0.0926839, 300, 0, 1),
 ( 931289, 113768, 530, 1,1,8768, -6411.39, 54.7152, 1.07886, 0, 0, 0.513645, 0.858002, 300, 0, 1),
 ( 931290, 113768, 530, 1,1,8757.53, -6608.51, 66.8638, 4.59351, 0, 0, 0.747862, -0.663855, 300, 0, 1),
 ( 931291, 113768, 530, 1,1,8732.24, -6776.41, 93.9023, 4.63671, 0, 0, 0.733351, -0.679851, 300, 0, 1),
 ( 931292, 113768, 530, 1,1,8743.14, -6826.31, 108.944, 5.07261, 0, 0, 0.569, -0.822338, 300, 0, 1),
 ( 931293, 113768, 530, 1,1,8477.69, -7087.87, 109.983, 2.88135, 0, 0, 0.991546, 0.129752, 300, 0, 1),
 ( 931294, 113768, 530, 1,1,8420.45, -7076.14, 106.209, 2.51222, 0, 0, 0.950893, 0.30952, 300, 0, 1),
 ( 931295, 113768, 530, 1,1,8353.66, -7074.64, 109.691, 3.16802, 0, 0, 0.999913, -0.0132153, 300, 0, 1),
 ( 931296, 113768, 530, 1,1,8211.07, -7239.91, 143.054, 4.49142, 0, 0, 0.780761, -0.624829, 300, 0, 1),
 ( 931297, 113768, 530, 1,1,8334.83, -7339.57, 185.93, 5.45746, 0, 0, 0.401235, -0.915975, 300, 0, 1),
 ( 931298, 113768, 530, 1,1,8249.32, -7404.22, 165.327, 0.00678778, 0, 0, 0.00339388, 0.999994, 300, 0, 1),
 ( 931299, 113768, 530, 1,1,8407.63, -7251.54, 170.611, 0.580128, 0, 0, 0.286014, 0.958226, 300, 0, 1),
 ( 931300, 113768, 530, 1,1,8563.36, -7200.45, 124.218, 4.69561, 0, 0, 0.713014, -0.70115, 300, 0, 1),
 ( 931301, 113768, 530, 1,1,8581.87, -7207.67, 122.907, 3.85131, 0, 0, 0.937696, -0.347458, 300, 0, 1),
 ( 931302, 113768, 530, 1,1,10057.7, -6329.04, 5.08482, 1.59564, 0, 0, 0.715836, 0.698268, 300, 0, 1),
 ( 931303, 113768, 530, 1,1,10100.5, -6367.93, 16.1092, 4.31705, 0, 0, 0.832202, -0.554472, 300, 0, 1),
 ( 931304, 113768, 530, 1,1,10099.1, -6406.61, 27.6604, 3.86152, 0, 0, 0.93591, -0.352239, 300, 0, 1),
 ( 931305, 113768, 530, 1,1,10118.2, -6431.72, 31.3139, 0.900562, 0, 0, 0.435219, 0.900325, 300, 0, 1),
 ( 931306, 113768, 530, 1,1,10145.4, -6348.07, 18.9962, 5.53049, 0, 0, 0.367528, -0.930012, 300, 0, 1),
 ( 931307, 113768, 530, 1,1,10218.3, -6513.31, 31.0778, 4.83541, 0, 0, 0.662301, -0.749238, 300, 0, 1),
 ( 931308, 113768, 530, 1,1,10242.1, -6553.63, 34.8626, 1.21473, 0, 0, 0.570705, 0.821155, 300, 0, 1),
 ( 931309, 113768, 530, 1,1,10332.2, -6433.89, 37.4137, 0.0366287, 0, 0, 0.0183133, 0.999832, 300, 0, 1),
 ( 931310, 113768, 530, 1,1,10300.6, -6506.3, 66.0803, 3.86938, 0, 0, 0.934519, -0.355914, 300, 0, 1),
 ( 931311, 113768, 530, 1,1,10452.1, -6413.82, 45.355, 0.712076, 0, 0, 0.348563, 0.937285, 300, 0, 1),
 ( 931312, 113768, 530, 1,1,10478.7, -6356.34, 45.3598, 1.39145, 0, 0, 0.64094, 0.767591, 300, 0, 1),
 ( 931313, 113768, 530, 1,1,10416, -6287.25, 33.0989, 2.06296, 0, 0, 0.85806, 0.513549, 300, 0, 1),
 ( 931314, 113768, 530, 1,1,10428.7, -6241.59, 34.8125, 1.36788, 0, 0, 0.631853, 0.775088, 300, 0, 1),
 ( 931315, 113768, 530, 1,1,10460.4, -6141.44, 47.6533, 3.56307, 0, 0, 0.977876, -0.209184, 300, 0, 1),
 ( 931316, 113768, 530, 1,1,10353.3, -5986.74, 38.9575, 1.76451, 0, 0, 0.772174, 0.635411, 300, 0, 1),
 ( 931317, 113768, 530, 1,1,10323.8, -5989.71, 38.7799, 1.90195, 0, 0, 0.813984, 0.580888, 300, 0, 1),
 ( 931318, 113768, 530, 1,1,10406.6, -5914.04, 40.035, 1.05373, 0, 0, 0.502824, 0.864389, 300, 0, 1),
 ( 931319, 113768, 530, 1,1,10453.1, -5930.51, 40.7481, 5.38127, 0, 0, 0.435826, -0.900031, 300, 0, 1),
 ( 931320, 113768, 530, 1,1,10312.5, -6068.88, 27.081, 4.45058, 0, 0, 0.793357, -0.608757, 300, 0, 1),
 ( 931321, 113768, 530, 1,1,10300.4, -6072.65, 27.4865, 3.8419, 0, 0, 0.939321, -0.34304, 300, 0, 1),
 ( 931322, 113768, 530, 1,1,10211.6, -6057.13, 6.26681, 0.197646, 0, 0, 0.0986624, 0.995121, 300, 0, 1),
 ( 931323, 113768, 530, 1,1,10168.2, -6165.11, 20.5783, 4.14427, 0, 0, 0.87694, -0.480601, 300, 0, 1),
 ( 931324, 113768, 530, 1,1,9991.13, -6101, 5.03582, 1.64278, 0, 0, 0.732093, 0.681204, 300, 0, 1),
 ( 931325, 113768, 530, 1,1,10129.6, -6102.53, 1.14338, 0.225135, 0, 0, 0.11233, 0.993671, 300, 0, 1),
 ( 931326, 113768, 530, 1,1,10170.5, -6082.75, 0.950277, 3.48453, 0, 0, 0.985335, -0.170632, 300, 0, 1),
 ( 931327, 113768, 530, 1,1,10109.8, -6070.03, 1.80747, 2.84443, 0, 0, 0.988982, 0.148033, 300, 0, 1),
 ( 931328, 113768, 530, 1,1,10194.7, -6156.55, 19.402, 5.28702, 0, 0, 0.47774, -0.878501, 300, 0, 1),
 ( 931329, 113768, 530, 1,1,10264.6, -6269.59, 24.9747, 5.74256, 0, 0, 0.267035, -0.963687, 300, 0, 1),
 ( 931330, 113768, 530, 1,1,10280.7, -6318.28, 24.6725, 4.91789, 0, 0, 0.630849, -0.775905, 300, 0, 1),
 ( 931331, 113768, 530, 1,1,10183.4, -6375.09, 37.2407, 2.96618, 0, 0, 0.996156, 0.0875955, 300, 0, 1),
 ( 931332, 113768, 530, 1,1,10085.2, -6273.4, 14.3013, 2.77375, 0, 0, 0.983134, 0.182884, 300, 0, 1),
 ( 931333, 113768, 530, 1,1,9976.14, -6416.06, 3.16097, 3.08399, 0, 0, 0.999585, 0.0287997, 300, 0, 1),
 ( 931334, 113768, 530, 1,1,9945.12, -6472.51, 10.4828, 4.47414, 0, 0, 0.786129, -0.618062, 300, 0, 1),
 ( 931335, 113768, 530, 1,1,10019.3, -6565.02, 4.55756, 5.3695, 0, 0, 0.441118, -0.897449, 300, 0, 1),
 ( 931336, 113768, 530, 1,1,10123.4, -6655.3, 4.66534, 4.25423, 0, 0, 0.849204, -0.528065, 300, 0, 1),
 ( 931337, 113768, 530, 1,1,10076, -6720.98, 31.9705, 3.10363, 0, 0, 0.99982, 0.0189802, 300, 0, 1);

-- Adding NPC's --

INSERT INTO `creature` VALUES 
 (12533290,32837,530,1,1,0,0,9548.8,-6835.41,16.4926,2.44903,300,0,0,42,0,0,0),
 (12533291,32837,0,1,1,0,0,2240.89,257.667,34.1166,2.51973,300,0,0,42,0,0,0),
 (12533292,32837,1,1,1,0,0,-2342.08,-365.566,-8.38381,0.186763,300,0,0,42,0,0,0),
 (12533293,32837,1,1,1,0,0,323.831,-4704.77,15.6168,5.45443,300,0,0,42,0,0,0),
 (12533295,32836,0,1,1,0,0,-9454.22,49.8797,56.6236,2.05652,300,0,0,42,0,0,0),
 (12533296,32836,0,1,1,0,0,-5607.7,-511.576,402.319,0.715018,300,0,0,42,0,0,0),
 (12533297,32836,530,1,1,0,0,-4155.97,-12484.4,44.9671,4.41395,300,0,0,42,0,0,0),
 (12533298,32836,1,1,1,0,0,9828.37,970.496,1308.78,5.21263,300,0,0,42,0,0,0);

-- Adding Loot for gameobject "Brightly Colored Egg" (ID:4984) --
DELETE FROM `gameobject_loot_template` WHERE (`entry`= '4984');
INSERT INTO gameobject_loot_template (entry, item, ChanceOrQuestChance, lootmode, groupid, mincountOrRef, maxcount, lootcondition, condition_value1, condition_value2) VALUES
(4984, 45072, 95, 1, 0, 1, 1, 0, 0, 0);

-- Adding Loot for Item "Brightly Colored Egg" (ID:45072) --
DELETE FROM item_loot_template  WHERE  (`entry` = '45072');
INSERT INTO item_loot_template
  (entry, item, lootmode, ChanceOrQuestChance, groupid, mincountOrRef, maxcount, lootcondition, condition_value1, condition_value2) VALUES
  (45072, 44791, 0, 95, 0, 1, 1, 0, 0, 0),
  (45072, 44806, 0, 15, 0, 1, 1, 0, 0, 0),
  (45072, 44792, 0, 1, 0, 1, 1, 0, 0, 0),
  (45072, 6835, 0, 0.7, 0, 1, 1, 0, 0, 0),
  (45072, 6833, 0, 0.7, 0, 1, 1, 0, 0, 0),
  (45072, 44794, 0, 0.5, 0, 1, 1, 0, 0, 0),
  (45072, 19028, 0, 0.5, 0, 1, 1, 0, 0, 0),
  (45072, 44803, 0, 0.5, 0, 1, 1, 0, 0, 0),
  (45072, 45073, 0, 0.5, 0, 1, 1, 0, 0, 0),
  (45072, 44800, 0, 0.5, 0, 1, 1, 0, 0, 0); 
  
INSERT INTO game_event_gameobject VALUES
 ( 930270, 9),
 ( 930271, 9),
 ( 930272, 9),
 ( 930273, 9),
 ( 930274, 9),
 ( 930275, 9),
 ( 930276, 9),
 ( 930277, 9),
 ( 930278, 9),
 ( 930279, 9),
 ( 930280, 9),
 ( 930281, 9),
 ( 930282, 9),
 ( 930283, 9),
 ( 930284, 9),
 ( 930285, 9),
 ( 930286, 9),
 ( 930287, 9),
 ( 930288, 9),
 ( 930289, 9),
 ( 930290, 9),
 ( 930291, 9),
 ( 930292, 9),
 ( 930293, 9),
 ( 930294, 9),
 ( 930295, 9),
 ( 930296, 9),
 ( 930297, 9),
 ( 930298, 9),
 ( 930299, 9),
 ( 930300, 9),
 ( 930301, 9),
 ( 930302, 9),
 ( 930303, 9),
 ( 930304, 9),
 ( 930305, 9),
 ( 930306, 9),
 ( 930307, 9),
 ( 930308, 9),
 ( 930309, 9),
 ( 930310, 9),
 ( 930311, 9),
 ( 930312, 9),
 ( 930313, 9),
 ( 930314, 9),
 ( 930315, 9),
 ( 930316, 9),
 ( 930317, 9),
 ( 930318, 9),
 ( 930319, 9),
 ( 930320, 9),
 ( 930321, 9),
 ( 930322, 9),
 ( 930323, 9),
 ( 930324, 9),
 ( 930325, 9),
 ( 930326, 9),
 ( 930327, 9),
 ( 930328, 9),
 ( 930329, 9),
 ( 930330, 9),
 ( 930331, 9),
 ( 930332, 9),
 ( 930333, 9),
 ( 930334, 9),
 ( 930335, 9),
 ( 930336, 9),
 ( 930337, 9),
 ( 930338, 9),
 ( 930339, 9),
 ( 930340, 9),
 ( 930341, 9),
 ( 930342, 9),
 ( 930343, 9),
 ( 930344, 9),
 ( 930345, 9),
 ( 930346, 9),
 ( 930347, 9),
 ( 930348, 9),
 ( 930349, 9),
 ( 930350, 9),
 ( 930351, 9),
 ( 930352, 9),
 ( 930353, 9),
 ( 930354, 9),
 ( 930355, 9),
 ( 930356, 9),
 ( 930357, 9),
 ( 930358, 9),
 ( 930359, 9),
 ( 930360, 9),
 ( 930361, 9),
 ( 930362, 9),
 ( 930363, 9),
 ( 930364, 9),
 ( 930365, 9),
 ( 930366, 9),
 ( 930367, 9),
 ( 930368, 9),
 ( 930369, 9),
 ( 930370, 9),
 ( 930371, 9),
 ( 930372, 9),
 ( 930373, 9),
 ( 930374, 9),
 ( 930375, 9),
 ( 930376, 9),
 ( 930377, 9),
 ( 930378, 9),
 ( 930379, 9),
 ( 930380, 9),
 ( 930381, 9),
 ( 930382, 9),
 ( 930383, 9),
 ( 930384, 9),
 ( 930385, 9),
 ( 930386, 9),
 ( 930387, 9),
 ( 930388, 9),
 ( 930389, 9),
 ( 930390, 9),
 ( 930391, 9),
 ( 930392, 9),
 ( 930393, 9),
 ( 930394, 9),
 ( 930395, 9),
 ( 930396, 9),
 ( 930397, 9),
 ( 930398, 9),
 ( 930399, 9),
 ( 930400, 9),
 ( 930401, 9),
 ( 930402, 9),
 ( 930403, 9),
 ( 930404, 9),
 ( 930405, 9),
 ( 930406, 9),
 ( 930407, 9),
 ( 930408, 9),
 ( 930409, 9),
 ( 930410, 9),
 ( 930411, 9),
 ( 930412, 9),
 ( 930413, 9),
 ( 930414, 9),
 ( 930415, 9),
 ( 930416, 9),
 ( 930417, 9),
 ( 930418, 9),
 ( 930419, 9),
 ( 930420, 9),
 ( 930421, 9),
 ( 930422, 9),
 ( 930423, 9),
 ( 930424, 9),
 ( 930425, 9),
 ( 930426, 9),
 ( 930427, 9),
 ( 930428, 9),
 ( 930429, 9),
 ( 930430, 9),
 ( 930431, 9),
 ( 930432, 9),
 ( 930433, 9),
 ( 930434, 9),
 ( 930435, 9),
 ( 930436, 9),
 ( 930437, 9),
 ( 930438, 9),
 ( 930439, 9),
 ( 930440, 9),
 ( 930441, 9),
 ( 930442, 9),
 ( 930443, 9),
 ( 930444, 9),
 ( 930445, 9),
 ( 930446, 9),
 ( 930447, 9),
 ( 930448, 9),
 ( 930449, 9),
 ( 930450, 9),
 ( 930451, 9),
 ( 930452, 9),
 ( 930453, 9),
 ( 930454, 9),
 ( 930455, 9),
 ( 930456, 9),
 ( 930457, 9),
 ( 930458, 9),
 ( 930459, 9),
 ( 930460, 9),
 ( 930461, 9),
 ( 930462, 9),
 ( 930463, 9),
 ( 930464, 9),
 ( 930465, 9),
 ( 930466, 9),
 ( 930467, 9),
 ( 930468, 9),
 ( 930469, 9),
 ( 930470, 9),
 ( 930471, 9),
 ( 930472, 9),
 ( 930473, 9),
 ( 930474, 9),
 ( 930475, 9),
 ( 930476, 9),
 ( 930477, 9),
 ( 930478, 9),
 ( 930479, 9),
 ( 930480, 9),
 ( 930481, 9),
 ( 930482, 9),
 ( 930483, 9),
 ( 930484, 9),
 ( 930485, 9),
 ( 930486, 9),
 ( 930487, 9),
 ( 930488, 9),
 ( 930489, 9),
 ( 930490, 9),
 ( 930491, 9),
 ( 930492, 9),
 ( 930493, 9),
 ( 930494, 9),
 ( 930495, 9),
 ( 930496, 9),
 ( 930497, 9),
 ( 930498, 9),
 ( 930499, 9),
 ( 930500, 9),
 ( 930501, 9),
 ( 930502, 9),
 ( 930503, 9),
 ( 930504, 9),
 ( 930505, 9),
 ( 930506, 9),
 ( 930507, 9),
 ( 930508, 9),
 ( 930509, 9),
 ( 930510, 9),
 ( 930511, 9),
 ( 930512, 9),
 ( 930513, 9),
 ( 930514, 9),
 ( 930515, 9),
 ( 930516, 9),
 ( 930517, 9),
 ( 930518, 9),
 ( 930519, 9),
 ( 930520, 9),
 ( 930521, 9),
 ( 930522, 9),
 ( 930523, 9),
 ( 930524, 9),
 ( 930525, 9),
 ( 930549, 9),
 ( 930664, 9),
 ( 930665, 9),
 ( 930666, 9),
 ( 930667, 9),
 ( 930668, 9),
 ( 930669, 9),
 ( 930670, 9),
 ( 930671, 9),
 ( 930672, 9),
 ( 930673, 9),
 ( 930674, 9),
 ( 930675, 9),
 ( 930676, 9),
 ( 930677, 9),
 ( 930678, 9),
 ( 930679, 9),
 ( 930680, 9),
 ( 930681, 9),
 ( 930682, 9),
 ( 930683, 9),
 ( 930684, 9),
 ( 930708, 9),
 ( 930709, 9),
 ( 930710, 9),
 ( 930711, 9),
 ( 930712, 9),
 ( 930713, 9),
 ( 930714, 9),
 ( 930715, 9),
 ( 930716, 9),
 ( 930717, 9),
 ( 930718, 9),
 ( 930719, 9),
 ( 930720, 9),
 ( 930721, 9),
 ( 930722, 9),
 ( 930723, 9),
 ( 930724, 9),
 ( 930725, 9),
 ( 930726, 9),
 ( 930727, 9),
 ( 930728, 9),
 ( 930729, 9),
 ( 930730, 9),
 ( 930731, 9),
 ( 930732, 9),
 ( 930733, 9),
 ( 930734, 9),
 ( 930735, 9),
 ( 930736, 9),
 ( 930737, 9),
 ( 930738, 9),
 ( 930739, 9),
 ( 930740, 9),
 ( 930741, 9),
 ( 930742, 9),
 ( 930743, 9),
 ( 930744, 9),
 ( 930745, 9),
 ( 930746, 9),
 ( 930747, 9),
 ( 930748, 9),
 ( 930749, 9),
 ( 930750, 9),
 ( 930751, 9),
 ( 930752, 9),
 ( 930753, 9),
 ( 930754, 9),
 ( 930755, 9),
 ( 930756, 9),
 ( 930757, 9),
 ( 930758, 9),
 ( 930759, 9),
 ( 930760, 9),
 ( 930761, 9),
 ( 930762, 9),
 ( 930763, 9),
 ( 930764, 9),
 ( 930765, 9),
 ( 930766, 9),
 ( 930767, 9),
 ( 930768, 9),
 ( 930769, 9),
 ( 930770, 9),
 ( 930771, 9),
 ( 930772, 9),
 ( 930773, 9),
 ( 930774, 9),
 ( 930775, 9),
 ( 930776, 9),
 ( 930777, 9),
 ( 930778, 9),
 ( 930779, 9),
 ( 930780, 9),
 ( 930781, 9),
 ( 930782, 9),
 ( 930783, 9),
 ( 930784, 9),
 ( 930785, 9),
 ( 930786, 9),
 ( 930787, 9),
 ( 930788, 9),
 ( 930789, 9),
 ( 930790, 9),
 ( 930791, 9),
 ( 930792, 9),
 ( 930793, 9),
 ( 930794, 9),
 ( 930795, 9),
 ( 930796, 9),
 ( 930797, 9),
 ( 930798, 9),
 ( 930799, 9),
 ( 930800, 9),
 ( 930801, 9),
 ( 930802, 9),
 ( 930803, 9),
 ( 930804, 9),
 ( 930805, 9),
 ( 930806, 9),
 ( 930807, 9),
 ( 930808, 9),
 ( 930809, 9),
 ( 930810, 9),
 ( 930811, 9),
 ( 930812, 9),
 ( 930813, 9),
 ( 930814, 9),
 ( 930815, 9),
 ( 930816, 9),
 ( 930817, 9),
 ( 930818, 9),
 ( 930819, 9),
 ( 930820, 9),
 ( 930821, 9),
 ( 930822, 9),
 ( 930823, 9),
 ( 930824, 9),
 ( 930825, 9),
 ( 930826, 9),
 ( 930827, 9),
 ( 930828, 9),
 ( 930829, 9),
 ( 930830, 9),
 ( 930831, 9),
 ( 930832, 9),
 ( 930833, 9),
 ( 930834, 9),
 ( 930835, 9),
 ( 930836, 9),
 ( 930837, 9),
 ( 930838, 9),
 ( 930839, 9),
 ( 930840, 9),
 ( 930841, 9),
 ( 930842, 9),
 ( 930843, 9),
 ( 930844, 9),
 ( 930845, 9),
 ( 930846, 9),
 ( 930847, 9),
 ( 930848, 9),
 ( 930849, 9),
 ( 930850, 9),
 ( 930851, 9),
 ( 930852, 9),
 ( 930853, 9),
 ( 930854, 9),
 ( 930855, 9),
 ( 930856, 9),
 ( 930857, 9),
 ( 930858, 9),
 ( 930859, 9),
 ( 930860, 9),
 ( 930861, 9),
 ( 930862, 9),
 ( 930863, 9),
 ( 930864, 9),
 ( 930865, 9),
 ( 930866, 9),
 ( 930867, 9),
 ( 930868, 9),
 ( 930869, 9),
 ( 930870, 9),
 ( 930871, 9),
 ( 930872, 9),
 ( 930873, 9),
 ( 930874, 9),
 ( 930875, 9),
 ( 930876, 9),
 ( 930877, 9),
 ( 930878, 9),
 ( 930879, 9),
 ( 930880, 9),
 ( 930881, 9),
 ( 930882, 9),
 ( 930883, 9),
 ( 930884, 9),
 ( 930885, 9),
 ( 930886, 9),
 ( 930887, 9),
 ( 930888, 9),
 ( 930889, 9),
 ( 930890, 9),
 ( 930891, 9),
 ( 930892, 9),
 ( 930893, 9),
 ( 930894, 9),
 ( 930895, 9),
 ( 930896, 9),
 ( 930897, 9),
 ( 930898, 9),
 ( 930899, 9),
 ( 930900, 9),
 ( 930901, 9),
 ( 930902, 9),
 ( 930903, 9),
 ( 930904, 9),
 ( 930905, 9),
 ( 930906, 9),
 ( 930907, 9),
 ( 930908, 9),
 ( 930909, 9),
 ( 930910, 9),
 ( 930911, 9),
 ( 930912, 9),
 ( 930913, 9),
 ( 930914, 9),
 ( 930915, 9),
 ( 930916, 9),
 ( 930917, 9),
 ( 930918, 9),
 ( 930919, 9),
 ( 930920, 9),
 ( 930921, 9),
 ( 930922, 9),
 ( 930923, 9),
 ( 930924, 9),
 ( 930925, 9),
 ( 930926, 9),
 ( 930927, 9),
 ( 930928, 9),
 ( 930929, 9),
 ( 930930, 9),
 ( 930931, 9),
 ( 930932, 9),
 ( 930933, 9),
 ( 930934, 9),
 ( 930935, 9),
 ( 930936, 9),
 ( 930937, 9),
 ( 930938, 9),
 ( 930939, 9),
 ( 930940, 9),
 ( 930941, 9),
 ( 930942, 9),
 ( 930943, 9),
 ( 930944, 9),
 ( 930945, 9),
 ( 930946, 9),
 ( 930947, 9),
 ( 930948, 9),
 ( 930949, 9),
 ( 930950, 9),
 ( 930951, 9),
 ( 930952, 9),
 ( 930953, 9),
 ( 930954, 9),
 ( 930955, 9),
 ( 930956, 9),
 ( 930957, 9),
 ( 930958, 9),
 ( 930959, 9),
 ( 930960, 9),
 ( 930961, 9),
 ( 930962, 9),
 ( 930963, 9),
 ( 930964, 9),
 ( 930965, 9),
 ( 930966, 9),
 ( 930967, 9),
 ( 930968, 9),
 ( 930969, 9),
 ( 930970, 9),
 ( 930971, 9),
 ( 930972, 9),
 ( 930973, 9),
 ( 930974, 9),
 ( 930975, 9),
 ( 930976, 9),
 ( 930977, 9),
 ( 930978, 9),
 ( 930979, 9),
 ( 930980, 9),
 ( 930981, 9),
 ( 930982, 9),
 ( 930983, 9),
 ( 930984, 9),
 ( 930985, 9),
 ( 930986, 9),
 ( 930987, 9),
 ( 930988, 9),
 ( 930989, 9),
 ( 930990, 9),
 ( 930991, 9),
 ( 930992, 9),
 ( 930993, 9),
 ( 930994, 9),
 ( 930995, 9),
 ( 930996, 9),
 ( 930997, 9),
 ( 930998, 9),
 ( 930999, 9),
 ( 931000, 9),
 ( 931001, 9),
 ( 931002, 9),
 ( 931003, 9),
 ( 931004, 9),
 ( 931005, 9),
 ( 931006, 9),
 ( 931007, 9),
 ( 931008, 9),
 ( 931009, 9),
 ( 931010, 9),
 ( 931011, 9),
 ( 931012, 9),
 ( 931013, 9),
 ( 931014, 9),
 ( 931015, 9),
 ( 931016, 9),
 ( 931017, 9),
 ( 931018, 9),
 ( 931019, 9),
 ( 931020, 9),
 ( 931021, 9),
 ( 931022, 9),
 ( 931023, 9),
 ( 931024, 9),
 ( 931025, 9),
 ( 931026, 9),
 ( 931027, 9),
 ( 931028, 9),
 ( 931029, 9),
 ( 931030, 9),
 ( 931031, 9),
 ( 931032, 9),
 ( 931033, 9),
 ( 931034, 9),
 ( 931035, 9),
 ( 931036, 9),
 ( 931037, 9),
 ( 931038, 9),
 ( 931039, 9),
 ( 931040, 9),
 ( 931041, 9),
 ( 931042, 9),
 ( 931043, 9),
 ( 931044, 9),
 ( 931045, 9),
 ( 931046, 9),
 ( 931047, 9),
 ( 931048, 9),
 ( 931049, 9),
 ( 931050, 9),
 ( 931051, 9),
 ( 931052, 9),
 ( 931053, 9),
 ( 931054, 9),
 ( 931055, 9),
 ( 931056, 9),
 ( 931057, 9),
 ( 931058, 9),
 ( 931059, 9),
 ( 931060, 9),
 ( 931061, 9),
 ( 931062, 9),
 ( 931063, 9),
 ( 931064, 9),
 ( 931065, 9),
 ( 931066, 9),
 ( 931067, 9),
 ( 931068, 9),
 ( 931069, 9),
 ( 931070, 9),
 ( 931071, 9),
 ( 931072, 9),
 ( 931073, 9),
 ( 931074, 9),
 ( 931075, 9),
 ( 931076, 9),
 ( 931077, 9),
 ( 931078, 9),
 ( 931079, 9),
 ( 931080, 9),
 ( 931081, 9),
 ( 931082, 9),
 ( 931083, 9),
 ( 931084, 9),
 ( 931085, 9),
 ( 931086, 9),
 ( 931087, 9),
 ( 931088, 9),
 ( 931089, 9),
 ( 931090, 9),
 ( 931091, 9),
 ( 931092, 9),
 ( 931093, 9),
 ( 931094, 9),
 ( 931095, 9),
 ( 931096, 9),
 ( 931097, 9),
 ( 931098, 9),
 ( 931099, 9),
 ( 931100, 9),
 ( 931101, 9),
 ( 931102, 9),
 ( 931103, 9),
 ( 931104, 9),
 ( 931105, 9),
 ( 931106, 9),
 ( 931107, 9),
 ( 931108, 9),
 ( 931109, 9),
 ( 931110, 9),
 ( 931111, 9),
 ( 931112, 9),
 ( 931113, 9),
 ( 931114, 9),
 ( 931115, 9),
 ( 931116, 9),
 ( 931117, 9),
 ( 931118, 9),
 ( 931119, 9),
 ( 931120, 9),
 ( 931121, 9),
 ( 931122, 9),
 ( 931123, 9),
 ( 931124, 9),
 ( 931125, 9),
 ( 931126, 9),
 ( 931127, 9),
 ( 931128, 9),
 ( 931129, 9),
 ( 931130, 9),
 ( 931131, 9),
 ( 931132, 9),
 ( 931133, 9),
 ( 931134, 9),
 ( 931135, 9),
 ( 931136, 9),
 ( 931137, 9),
 ( 931138, 9),
 ( 931139, 9),
 ( 931140, 9),
 ( 931141, 9),
 ( 931142, 9),
 ( 931143, 9),
 ( 931144, 9),
 ( 931145, 9),
 ( 931146, 9),
 ( 931147, 9),
 ( 931148, 9),
 ( 931149, 9),
 ( 931150, 9),
 ( 931151, 9),
 ( 931152, 9),
 ( 931153, 9),
 ( 931154, 9),
 ( 931155, 9),
 ( 931156, 9),
 ( 931157, 9),
 ( 931158, 9),
 ( 931159, 9),
 ( 931160, 9),
 ( 931161, 9),
 ( 931162, 9),
 ( 931163, 9),
 ( 931164, 9),
 ( 931165, 9),
 ( 931166, 9),
 ( 931167, 9),
 ( 931168, 9),
 ( 931169, 9),
 ( 931170, 9),
 ( 931171, 9),
 ( 931172, 9),
 ( 931173, 9),
 ( 931174, 9),
 ( 931175, 9),
 ( 931176, 9),
 ( 931177, 9),
 ( 931178, 9),
 ( 931179, 9),
 ( 931180, 9),
 ( 931181, 9),
 ( 931182, 9),
 ( 931183, 9),
 ( 931184, 9),
 ( 931185, 9),
 ( 931186, 9),
 ( 931187, 9),
 ( 931188, 9),
 ( 931189, 9),
 ( 931190, 9),
 ( 931191, 9),
 ( 931192, 9),
 ( 931193, 9),
 ( 931194, 9),
 ( 931195, 9),
 ( 931196, 9),
 ( 931197, 9),
 ( 931198, 9),
 ( 931199, 9),
 ( 931200, 9),
 ( 931201, 9),
 ( 931202, 9),
 ( 931203, 9),
 ( 931204, 9),
 ( 931205, 9),
 ( 931206, 9),
 ( 931207, 9),
 ( 931208, 9),
 ( 931209, 9),
 ( 931210, 9),
 ( 931211, 9),
 ( 931212, 9),
 ( 931213, 9),
 ( 931214, 9),
 ( 931215, 9),
 ( 931216, 9),
 ( 931217, 9),
 ( 931218, 9),
 ( 931219, 9),
 ( 931220, 9),
 ( 931221, 9),
 ( 931222, 9),
 ( 931223, 9),
 ( 931224, 9),
 ( 931225, 9),
 ( 931226, 9),
 ( 931227, 9),
 ( 931228, 9),
 ( 931229, 9),
 ( 931230, 9),
 ( 931231, 9),
 ( 931232, 9),
 ( 931233, 9),
 ( 931234, 9),
 ( 931235, 9),
 ( 931236, 9),
 ( 931237, 9),
 ( 931238, 9),
 ( 931239, 9),
 ( 931240, 9),
 ( 931241, 9),
 ( 931242, 9),
 ( 931243, 9),
 ( 931244, 9),
 ( 931245, 9),
 ( 931246, 9),
 ( 931247, 9),
 ( 931248, 9),
 ( 931249, 9),
 ( 931250, 9),
 ( 931251, 9),
 ( 931252, 9),
 ( 931253, 9),
 ( 931254, 9),
 ( 931255, 9),
 ( 931256, 9),
 ( 931257, 9),
 ( 931258, 9),
 ( 931259, 9),
 ( 931260, 9),
 ( 931262, 9),
 ( 931265, 9),
 ( 931266, 9),
 ( 931267, 9),
 ( 931268, 9),
 ( 931269, 9),
 ( 931270, 9),
 ( 931271, 9),
 ( 931272, 9),
 ( 931273, 9),
 ( 931274, 9),
 ( 931275, 9),
 ( 931276, 9),
 ( 931277, 9),
 ( 931278, 9),
 ( 931279, 9),
 ( 931280, 9),
 ( 931281, 9),
 ( 931282, 9),
 ( 931283, 9),
 ( 931284, 9),
 ( 931285, 9),
 ( 931286, 9),
 ( 931287, 9),
 ( 931288, 9),
 ( 931289, 9),
 ( 931290, 9),
 ( 931291, 9),
 ( 931292, 9),
 ( 931293, 9),
 ( 931294, 9),
 ( 931295, 9),
 ( 931296, 9),
 ( 931297, 9),
 ( 931298, 9),
 ( 931299, 9),
 ( 931300, 9),
 ( 931301, 9),
 ( 931302, 9),
 ( 931303, 9),
 ( 931304, 9),
 ( 931305, 9),
 ( 931306, 9),
 ( 931307, 9),
 ( 931308, 9),
 ( 931309, 9),
 ( 931310, 9),
 ( 931311, 9),
 ( 931312, 9),
 ( 931313, 9),
 ( 931314, 9),
 ( 931315, 9),
 ( 931316, 9),
 ( 931317, 9),
 ( 931318, 9),
 ( 931319, 9),
 ( 931320, 9),
 ( 931321, 9),
 ( 931322, 9),
 ( 931323, 9),
 ( 931324, 9),
 ( 931325, 9),
 ( 931326, 9),
 ( 931327, 9),
 ( 931328, 9),
 ( 931329, 9),
 ( 931330, 9),
 ( 931331, 9),
 ( 931332, 9),
 ( 931333, 9),
 ( 931334, 9),
 ( 931335, 9),
 ( 931336, 9),
 ( 931337, 9);

-- Adding NPC's --

INSERT INTO game_event_creature VALUES
 (12533290, 9),
 (12533291, 9),
 (12533292, 9),
 (12533293, 9),
 (12533295, 9),
 (12533296, 9),
 (12533297, 9),
 (12533298, 9);  
  -- End update for Noblegarden Event --